"","x"
"1","lp__"
"2","accept_stat__"
"3","stepsize__"
"4","treedepth__"
"5","n_leapfrog__"
"6","divergent__"
"7","energy__"
"8","v.1"
"9","v.2"
"10","v.3"
"11","v.4"
"12","v.5"
"13","v.6"
"14","v.7"
"15","v.8"
"16","v.9"
"17","v.10"
"18","v.11"
"19","v.12"
"20","v.13"
"21","v.14"
"22","v.15"
"23","v.16"
"24","v.17"
"25","v.18"
"26","v.19"
"27","v.20"
"28","v.21"
"29","v.22"
"30","v.23"
"31","v.24"
"32","v.25"
"33","v.26"
"34","v.27"
"35","v.28"
"36","v.29"
"37","v.30"
"38","v.31"
"39","v.32"
"40","v.33"
"41","v.34"
"42","v.35"
"43","v.36"
"44","v.37"
"45","v.38"
"46","v.39"
"47","v.40"
"48","v.41"
"49","v.42"
"50","v.43"
"51","v.44"
"52","v.45"
"53","v.46"
"54","v.47"
"55","v.48"
"56","v.49"
"57","v.50"
"58","v.51"
"59","v.52"
"60","v.53"
"61","v.54"
"62","v.55"
"63","v.56"
"64","v.57"
"65","v.58"
"66","v.59"
"67","v.60"
"68","v.61"
"69","v.62"
"70","v.63"
"71","v.64"
"72","v.65"
"73","v.66"
"74","v.67"
"75","v.68"
"76","v.69"
"77","v.70"
"78","v.71"
"79","v.72"
"80","v.73"
"81","v.74"
"82","v.75"
"83","v.76"
"84","v.77"
"85","v.78"
"86","v.79"
"87","v.80"
"88","v.81"
"89","v.82"
"90","v.83"
"91","v.84"
"92","v.85"
"93","v.86"
"94","v.87"
"95","v.88"
"96","v.89"
"97","v.90"
"98","v.91"
"99","v.92"
"100","v.93"
"101","v.94"
"102","v.95"
"103","v.96"
"104","v.97"
"105","v.98"
"106","v.99"
"107","v.100"
"108","v.101"
"109","v.102"
"110","v.103"
"111","v.104"
"112","v.105"
"113","v.106"
"114","v.107"
"115","v.108"
"116","v.109"
"117","v.110"
"118","v.111"
"119","v.112"
"120","v.113"
"121","v.114"
"122","v.115"
"123","v.116"
"124","v.117"
"125","v.118"
"126","v.119"
"127","v.120"
"128","v.121"
"129","v.122"
"130","v.123"
"131","v.124"
"132","v.125"
"133","v.126"
"134","v.127"
"135","v.128"
"136","v.129"
"137","v.130"
"138","v.131"
"139","v.132"
"140","v.133"
"141","v.134"
"142","v.135"
"143","v.136"
"144","v.137"
"145","v.138"
"146","v.139"
"147","v.140"
"148","v.141"
"149","v.142"
"150","v.143"
"151","v.144"
"152","v.145"
"153","v.146"
"154","v.147"
"155","v.148"
"156","v.149"
"157","v.150"
"158","v.151"
"159","v.152"
"160","v.153"
"161","v.154"
"162","v.155"
"163","v.156"
"164","v.157"
"165","v.158"
"166","v.159"
"167","v.160"
"168","v.161"
"169","v.162"
"170","v.163"
"171","v.164"
"172","v.165"
"173","v.166"
"174","v.167"
"175","v.168"
"176","v.169"
"177","v.170"
"178","v.171"
"179","v.172"
"180","v.173"
"181","v.174"
"182","v.175"
"183","v.176"
"184","v.177"
"185","v.178"
"186","v.179"
"187","v.180"
"188","v.181"
"189","v.182"
"190","v.183"
"191","v.184"
"192","v.185"
"193","v.186"
"194","v.187"
"195","v.188"
"196","v.189"
"197","v.190"
"198","v.191"
"199","v.192"
"200","v.193"
"201","v.194"
"202","v.195"
"203","v.196"
"204","v.197"
"205","v.198"
"206","v.199"
"207","v.200"
"208","v.201"
"209","v.202"
"210","v.203"
"211","v.204"
"212","v.205"
"213","v.206"
"214","v.207"
"215","v.208"
"216","v.209"
"217","v.210"
"218","v.211"
"219","v.212"
"220","v.213"
"221","v.214"
"222","v.215"
"223","v.216"
"224","v.217"
"225","v.218"
"226","v.219"
"227","v.220"
"228","v.221"
"229","v.222"
"230","v.223"
"231","v.224"
"232","v.225"
"233","v.226"
"234","v.227"
"235","v.228"
"236","v.229"
"237","v.230"
"238","v.231"
"239","v.232"
"240","v.233"
"241","v.234"
"242","v.235"
"243","v.236"
"244","v.237"
"245","v.238"
"246","v.239"
"247","v.240"
"248","v.241"
"249","v.242"
"250","v.243"
"251","v.244"
"252","v.245"
"253","v.246"
"254","v.247"
"255","v.248"
"256","v.249"
"257","v.250"
"258","v.251"
"259","v.252"
"260","v.253"
"261","v.254"
"262","v.255"
"263","v.256"
"264","v.257"
"265","v.258"
"266","v.259"
"267","v.260"
"268","v.261"
"269","v.262"
"270","v.263"
"271","v.264"
"272","v.265"
"273","v.266"
"274","v.267"
"275","v.268"
"276","v.269"
"277","v.270"
"278","v.271"
"279","v.272"
"280","v.273"
"281","v.274"
"282","v.275"
"283","v.276"
"284","v.277"
"285","v.278"
"286","v.279"
"287","v.280"
"288","v.281"
"289","v.282"
"290","v.283"
"291","v.284"
"292","v.285"
"293","v.286"
"294","v.287"
"295","v.288"
"296","v.289"
"297","v.290"
"298","v.291"
"299","v.292"
"300","v.293"
"301","v.294"
"302","v.295"
"303","v.296"
"304","v.297"
"305","v.298"
"306","v.299"
"307","v.300"
"308","v.301"
"309","v.302"
"310","v.303"
"311","v.304"
"312","v.305"
"313","v.306"
"314","v.307"
"315","v.308"
"316","v.309"
"317","v.310"
"318","v.311"
"319","v.312"
"320","v.313"
"321","v.314"
"322","v.315"
"323","v.316"
"324","v.317"
"325","v.318"
"326","v.319"
"327","v.320"
"328","v.321"
"329","v.322"
"330","v.323"
"331","v.324"
"332","v.325"
"333","v.326"
"334","v.327"
"335","v.328"
"336","v.329"
"337","v.330"
"338","v.331"
"339","v.332"
"340","v.333"
"341","v.334"
"342","v.335"
"343","v.336"
"344","v.337"
"345","v.338"
"346","v.339"
"347","v.340"
"348","v.341"
"349","v.342"
"350","v.343"
"351","v.344"
"352","v.345"
"353","v.346"
"354","v.347"
"355","v.348"
"356","v.349"
"357","v.350"
"358","v.351"
"359","v.352"
"360","v.353"
"361","v.354"
"362","v.355"
"363","v.356"
"364","v.357"
"365","v.358"
"366","v.359"
"367","v.360"
"368","v.361"
"369","v.362"
"370","v.363"
"371","v.364"
"372","v.365"
"373","v.366"
"374","v.367"
"375","v.368"
"376","v.369"
"377","v.370"
"378","v.371"
"379","v.372"
"380","v.373"
"381","v.374"
"382","v.375"
"383","v.376"
"384","v.377"
"385","v.378"
"386","v.379"
"387","v.380"
"388","v.381"
"389","v.382"
"390","v.383"
"391","v.384"
"392","v.385"
"393","v.386"
"394","v.387"
"395","v.388"
"396","v.389"
"397","v.390"
"398","v.391"
"399","v.392"
"400","v.393"
"401","v.394"
"402","v.395"
"403","v.396"
"404","v.397"
"405","v.398"
"406","v.399"
"407","v.400"
"408","v.401"
"409","v.402"
"410","v.403"
"411","v.404"
"412","v.405"
"413","v.406"
"414","v.407"
"415","v.408"
"416","v.409"
"417","v.410"
"418","v.411"
"419","v.412"
"420","v.413"
"421","v.414"
"422","v.415"
"423","v.416"
"424","v.417"
"425","v.418"
"426","v.419"
"427","v.420"
"428","v.421"
"429","v.422"
"430","v.423"
"431","v.424"
"432","v.425"
"433","v.426"
"434","v.427"
"435","v.428"
"436","v.429"
"437","v.430"
"438","v.431"
"439","v.432"
"440","v.433"
"441","v.434"
"442","v.435"
"443","v.436"
"444","v.437"
"445","v.438"
"446","v.439"
"447","v.440"
"448","v.441"
"449","v.442"
"450","v.443"
"451","v.444"
"452","v.445"
"453","v.446"
"454","v.447"
"455","v.448"
"456","v.449"
"457","v.450"
"458","v.451"
"459","v.452"
"460","v.453"
"461","v.454"
"462","v.455"
"463","v.456"
"464","v.457"
"465","v.458"
"466","v.459"
"467","v.460"
"468","v.461"
"469","v.462"
"470","v.463"
"471","v.464"
"472","v.465"
"473","v.466"
"474","v.467"
"475","v.468"
"476","v.469"
"477","v.470"
"478","v.471"
"479","v.472"
"480","v.473"
"481","v.474"
"482","v.475"
"483","v.476"
"484","v.477"
"485","v.478"
"486","v.479"
"487","v.480"
"488","v.481"
"489","v.482"
"490","v.483"
"491","v.484"
"492","v.485"
"493","v.486"
"494","v.487"
"495","v.488"
"496","v.489"
"497","v.490"
"498","v.491"
"499","v.492"
"500","v.493"
"501","v.494"
"502","v.495"
"503","v.496"
"504","v.497"
"505","v.498"
"506","v.499"
"507","v.500"
"508","v.501"
"509","v.502"
"510","v.503"
"511","v.504"
"512","v.505"
"513","v.506"
"514","v.507"
"515","v.508"
"516","v.509"
"517","v.510"
"518","v.511"
"519","v.512"
"520","v.513"
"521","v.514"
"522","v.515"
"523","v.516"
"524","v.517"
"525","v.518"
"526","v.519"
"527","v.520"
"528","v.521"
"529","v.522"
"530","v.523"
"531","v.524"
"532","v.525"
"533","v.526"
"534","v.527"
"535","v.528"
"536","v.529"
"537","v.530"
"538","v.531"
"539","v.532"
"540","v.533"
"541","v.534"
"542","v.535"
"543","v.536"
"544","v.537"
"545","v.538"
"546","v.539"
"547","v.540"
"548","v.541"
"549","v.542"
"550","v.543"
"551","v.544"
"552","v.545"
"553","v.546"
"554","v.547"
"555","v.548"
"556","v.549"
"557","v.550"
"558","v.551"
"559","v.552"
"560","v.553"
"561","v.554"
"562","v.555"
"563","v.556"
"564","v.557"
"565","v.558"
"566","v.559"
"567","v.560"
"568","v.561"
"569","v.562"
"570","v.563"
"571","v.564"
"572","v.565"
"573","v.566"
"574","v.567"
"575","v.568"
"576","v.569"
"577","v.570"
"578","v.571"
"579","v.572"
"580","v.573"
"581","v.574"
"582","v.575"
"583","v.576"
"584","v.577"
"585","v.578"
"586","v.579"
"587","v.580"
"588","v.581"
"589","v.582"
"590","v.583"
"591","v.584"
"592","v.585"
"593","v.586"
"594","v.587"
"595","v.588"
"596","v.589"
"597","v.590"
"598","v.591"
"599","v.592"
"600","v.593"
"601","v.594"
"602","v.595"
"603","v.596"
"604","v.597"
"605","v.598"
"606","v.599"
"607","v.600"
"608","v.601"
"609","v.602"
"610","v.603"
"611","v.604"
"612","v.605"
"613","v.606"
"614","v.607"
"615","v.608"
"616","v.609"
"617","v.610"
"618","v.611"
"619","v.612"
"620","v.613"
"621","v.614"
"622","v.615"
"623","v.616"
"624","v.617"
"625","v.618"
"626","v.619"
"627","v.620"
"628","v.621"
"629","v.622"
"630","v.623"
"631","v.624"
"632","v.625"
"633","v.626"
"634","v.627"
"635","v.628"
"636","v.629"
"637","v.630"
"638","v.631"
"639","v.632"
"640","v.633"
"641","v.634"
"642","v.635"
"643","v.636"
"644","v.637"
"645","v.638"
"646","v.639"
"647","v.640"
"648","v.641"
"649","v.642"
"650","v.643"
"651","v.644"
"652","v.645"
"653","v.646"
"654","v.647"
"655","v.648"
"656","v.649"
"657","v.650"
"658","v.651"
"659","v.652"
"660","v.653"
"661","v.654"
"662","v.655"
"663","v.656"
"664","v.657"
"665","v.658"
"666","v.659"
"667","v.660"
"668","v.661"
"669","v.662"
"670","v.663"
"671","v.664"
"672","v.665"
"673","v.666"
"674","v.667"
"675","v.668"
"676","v.669"
"677","v.670"
"678","v.671"
"679","v.672"
"680","v.673"
"681","v.674"
"682","v.675"
"683","v.676"
"684","v.677"
"685","v.678"
"686","v.679"
"687","v.680"
"688","v.681"
"689","v.682"
"690","v.683"
"691","v.684"
"692","v.685"
"693","v.686"
"694","v.687"
"695","v.688"
"696","v.689"
"697","v.690"
"698","v.691"
"699","v.692"
"700","v.693"
"701","v.694"
"702","v.695"
"703","v.696"
"704","v.697"
"705","v.698"
"706","v.699"
"707","v.700"
"708","v.701"
"709","v.702"
"710","v.703"
"711","v.704"
"712","v.705"
"713","v.706"
"714","v.707"
"715","v.708"
"716","v.709"
"717","v.710"
"718","v.711"
"719","v.712"
"720","v.713"
"721","v.714"
"722","v.715"
"723","v.716"
"724","v.717"
"725","v.718"
"726","v.719"
"727","v.720"
"728","v.721"
"729","v.722"
"730","v.723"
"731","v.724"
"732","v.725"
"733","v.726"
"734","v.727"
"735","v.728"
"736","v.729"
"737","v.730"
"738","v.731"
"739","v.732"
"740","v.733"
"741","v.734"
"742","v.735"
"743","v.736"
"744","v.737"
"745","v.738"
"746","v.739"
"747","v.740"
"748","v.741"
"749","v.742"
"750","v.743"
"751","v.744"
"752","v.745"
"753","v.746"
"754","v.747"
"755","v.748"
"756","v.749"
"757","v.750"
"758","v.751"
"759","v.752"
"760","v.753"
"761","v.754"
"762","v.755"
"763","v.756"
"764","v.757"
"765","v.758"
"766","v.759"
"767","v.760"
"768","v.761"
"769","v.762"
"770","v.763"
"771","v.764"
"772","v.765"
"773","v.766"
"774","v.767"
"775","v.768"
"776","v.769"
"777","v.770"
"778","v.771"
"779","v.772"
"780","v.773"
"781","v.774"
"782","v.775"
"783","v.776"
"784","v.777"
"785","v.778"
"786","v.779"
"787","v.780"
"788","v.781"
"789","v.782"
"790","v.783"
"791","v.784"
"792","v.785"
"793","v.786"
"794","v.787"
"795","v.788"
"796","v.789"
"797","v.790"
"798","v.791"
"799","v.792"
"800","v.793"
"801","v.794"
"802","v.795"
"803","v.796"
"804","v.797"
"805","v.798"
"806","v.799"
"807","v.800"
"808","v.801"
"809","v.802"
"810","v.803"
"811","v.804"
"812","v.805"
"813","v.806"
"814","v.807"
"815","v.808"
"816","v.809"
"817","v.810"
"818","v.811"
"819","v.812"
"820","v.813"
"821","v.814"
"822","v.815"
"823","v.816"
"824","v.817"
"825","v.818"
"826","v.819"
"827","v.820"
"828","v.821"
"829","v.822"
"830","v.823"
"831","v.824"
"832","v.825"
"833","v.826"
"834","v.827"
"835","v.828"
"836","v.829"
"837","v.830"
"838","v.831"
"839","v.832"
"840","v.833"
"841","v.834"
"842","v.835"
"843","v.836"
"844","v.837"
"845","v.838"
"846","v.839"
"847","v.840"
"848","v.841"
"849","v.842"
"850","v.843"
"851","v.844"
"852","v.845"
"853","v.846"
"854","v.847"
"855","v.848"
"856","v.849"
"857","v.850"
"858","v.851"
"859","v.852"
"860","v.853"
"861","v.854"
"862","v.855"
"863","v.856"
"864","v.857"
"865","v.858"
"866","v.859"
"867","v.860"
"868","v.861"
"869","v.862"
"870","v.863"
"871","v.864"
"872","v.865"
"873","v.866"
"874","v.867"
"875","v.868"
"876","v.869"
"877","v.870"
"878","v.871"
"879","v.872"
"880","v.873"
"881","v.874"
"882","v.875"
"883","v.876"
"884","v.877"
"885","v.878"
"886","v.879"
"887","v.880"
"888","v.881"
"889","v.882"
"890","v.883"
"891","v.884"
"892","v.885"
"893","v.886"
"894","v.887"
"895","v.888"
"896","v.889"
"897","v.890"
"898","v.891"
"899","v.892"
"900","v.893"
"901","v.894"
"902","v.895"
"903","v.896"
"904","v.897"
"905","v.898"
"906","v.899"
"907","v.900"
"908","v.901"
"909","v.902"
"910","v.903"
"911","v.904"
"912","v.905"
"913","v.906"
"914","v.907"
"915","v.908"
"916","v.909"
"917","v.910"
"918","v.911"
"919","v.912"
"920","v.913"
"921","v.914"
"922","v.915"
"923","v.916"
"924","v.917"
"925","v.918"
"926","v.919"
"927","v.920"
"928","v.921"
"929","v.922"
"930","v.923"
"931","v.924"
"932","v.925"
"933","v.926"
"934","v.927"
"935","v.928"
"936","v.929"
"937","v.930"
"938","v.931"
"939","v.932"
"940","v.933"
"941","v.934"
"942","v.935"
"943","v.936"
"944","v.937"
"945","v.938"
"946","v.939"
"947","v.940"
"948","v.941"
"949","v.942"
"950","v.943"
"951","v.944"
"952","v.945"
"953","v.946"
"954","v.947"
"955","v.948"
"956","v.949"
"957","v.950"
"958","v.951"
"959","v.952"
"960","v.953"
"961","v.954"
"962","v.955"
"963","v.956"
"964","v.957"
"965","v.958"
"966","v.959"
"967","v.960"
"968","v.961"
"969","v.962"
"970","v.963"
"971","v.964"
"972","v.965"
"973","v.966"
"974","v.967"
"975","v.968"
"976","v.969"
"977","v.970"
"978","v.971"
"979","v.972"
"980","v.973"
"981","v.974"
"982","v.975"
"983","v.976"
"984","v.977"
"985","v.978"
"986","v.979"
"987","v.980"
"988","v.981"
"989","v.982"
"990","v.983"
"991","v.984"
"992","v.985"
"993","v.986"
"994","v.987"
"995","v.988"
"996","v.989"
"997","v.990"
"998","v.991"
"999","v.992"
"1000","v.993"
"1001","v.994"
"1002","v.995"
"1003","v.996"
"1004","v.997"
"1005","v.998"
"1006","v.999"
"1007","v.1000"
"1008","v.1001"
"1009","v.1002"
"1010","v.1003"
"1011","v.1004"
"1012","v.1005"
"1013","v.1006"
"1014","v.1007"
"1015","v.1008"
"1016","v.1009"
"1017","v.1010"
"1018","v.1011"
"1019","v.1012"
"1020","v.1013"
"1021","v.1014"
"1022","v.1015"
"1023","v.1016"
"1024","v.1017"
"1025","v.1018"
"1026","v.1019"
"1027","v.1020"
"1028","v.1021"
"1029","v.1022"
"1030","v.1023"
"1031","v.1024"
"1032","v.1025"
"1033","v.1026"
"1034","v.1027"
"1035","v.1028"
"1036","v.1029"
"1037","v.1030"
"1038","v.1031"
"1039","v.1032"
"1040","v.1033"
"1041","v.1034"
"1042","v.1035"
"1043","v.1036"
"1044","v.1037"
"1045","v.1038"
"1046","v.1039"
"1047","v.1040"
"1048","v.1041"
"1049","v.1042"
"1050","v.1043"
"1051","v.1044"
"1052","v.1045"
"1053","v.1046"
"1054","v.1047"
"1055","v.1048"
"1056","v.1049"
"1057","v.1050"
"1058","v.1051"
"1059","v.1052"
"1060","v.1053"
"1061","v.1054"
"1062","v.1055"
"1063","v.1056"
"1064","v.1057"
"1065","v.1058"
"1066","v.1059"
"1067","v.1060"
"1068","v.1061"
"1069","v.1062"
"1070","v.1063"
"1071","v.1064"
"1072","v.1065"
"1073","v.1066"
"1074","v.1067"
"1075","v.1068"
"1076","v.1069"
"1077","v.1070"
"1078","v.1071"
"1079","v.1072"
"1080","v.1073"
"1081","v.1074"
"1082","v.1075"
"1083","v.1076"
"1084","v.1077"
"1085","v.1078"
"1086","v.1079"
"1087","v.1080"
"1088","v.1081"
"1089","v.1082"
"1090","v.1083"
"1091","v.1084"
"1092","v.1085"
"1093","v.1086"
"1094","v.1087"
"1095","v.1088"
"1096","v.1089"
"1097","v.1090"
"1098","v.1091"
"1099","v.1092"
"1100","v.1093"
"1101","v.1094"
"1102","v.1095"
"1103","v.1096"
"1104","v.1097"
"1105","v.1098"
"1106","v.1099"
"1107","v.1100"
"1108","v.1101"
"1109","v.1102"
"1110","v.1103"
"1111","v.1104"
"1112","v.1105"
"1113","v.1106"
"1114","v.1107"
"1115","v.1108"
"1116","v.1109"
"1117","v.1110"
"1118","v.1111"
"1119","v.1112"
"1120","v.1113"
"1121","v.1114"
"1122","v.1115"
"1123","v.1116"
"1124","v.1117"
"1125","v.1118"
"1126","v.1119"
"1127","v.1120"
"1128","v.1121"
"1129","v.1122"
"1130","v.1123"
"1131","v.1124"
"1132","v.1125"
"1133","v.1126"
"1134","v.1127"
"1135","v.1128"
"1136","v.1129"
"1137","v.1130"
"1138","v.1131"
"1139","v.1132"
"1140","v.1133"
"1141","v.1134"
"1142","v.1135"
"1143","v.1136"
"1144","v.1137"
"1145","v.1138"
"1146","v.1139"
"1147","v.1140"
"1148","v.1141"
"1149","v.1142"
"1150","v.1143"
"1151","v.1144"
"1152","v.1145"
"1153","v.1146"
"1154","v.1147"
"1155","v.1148"
"1156","v.1149"
"1157","v.1150"
"1158","v.1151"
"1159","v.1152"
"1160","v.1153"
"1161","v.1154"
"1162","v.1155"
"1163","v.1156"
"1164","v.1157"
"1165","v.1158"
"1166","v.1159"
"1167","v.1160"
"1168","v.1161"
"1169","v.1162"
"1170","v.1163"
"1171","v.1164"
"1172","v.1165"
"1173","v.1166"
"1174","v.1167"
"1175","v.1168"
"1176","v.1169"
"1177","v.1170"
"1178","v.1171"
"1179","v.1172"
"1180","v.1173"
"1181","v.1174"
"1182","v.1175"
"1183","v.1176"
"1184","v.1177"
"1185","v.1178"
"1186","v.1179"
"1187","v.1180"
"1188","v.1181"
"1189","v.1182"
"1190","v.1183"
"1191","v.1184"
"1192","v.1185"
"1193","v.1186"
"1194","v.1187"
"1195","v.1188"
"1196","v.1189"
"1197","v.1190"
"1198","v.1191"
"1199","v.1192"
"1200","v.1193"
"1201","v.1194"
"1202","v.1195"
"1203","v.1196"
"1204","v.1197"
"1205","v.1198"
"1206","v.1199"
"1207","v.1200"
"1208","v.1201"
"1209","v.1202"
"1210","v.1203"
"1211","v.1204"
"1212","v.1205"
"1213","v.1206"
"1214","v.1207"
"1215","v.1208"
"1216","v.1209"
"1217","v.1210"
"1218","v.1211"
"1219","v.1212"
"1220","v.1213"
"1221","v.1214"
"1222","v.1215"
"1223","v.1216"
"1224","v.1217"
"1225","v.1218"
"1226","v.1219"
"1227","v.1220"
"1228","v.1221"
"1229","v.1222"
"1230","v.1223"
"1231","v.1224"
"1232","v.1225"
"1233","v.1226"
"1234","v.1227"
"1235","v.1228"
"1236","v.1229"
"1237","v.1230"
"1238","v.1231"
"1239","v.1232"
"1240","v.1233"
"1241","v.1234"
"1242","v.1235"
"1243","v.1236"
"1244","v.1237"
"1245","v.1238"
"1246","v.1239"
"1247","v.1240"
"1248","v.1241"
"1249","v.1242"
"1250","v.1243"
"1251","v.1244"
"1252","v.1245"
"1253","v.1246"
"1254","v.1247"
"1255","v.1248"
"1256","v.1249"
"1257","v.1250"
"1258","v.1251"
"1259","v.1252"
"1260","v.1253"
"1261","v.1254"
"1262","v.1255"
"1263","v.1256"
"1264","v.1257"
"1265","v.1258"
"1266","v.1259"
"1267","v.1260"
"1268","v.1261"
"1269","v.1262"
"1270","v.1263"
"1271","v.1264"
"1272","v.1265"
"1273","v.1266"
"1274","v.1267"
"1275","v.1268"
"1276","v.1269"
"1277","v.1270"
"1278","v.1271"
"1279","v.1272"
"1280","v.1273"
"1281","v.1274"
"1282","v.1275"
"1283","v.1276"
"1284","v.1277"
"1285","v.1278"
"1286","v.1279"
"1287","v.1280"
"1288","v.1281"
"1289","v.1282"
"1290","v.1283"
"1291","v.1284"
"1292","v.1285"
"1293","v.1286"
"1294","v.1287"
"1295","v.1288"
"1296","v.1289"
"1297","v.1290"
"1298","v.1291"
"1299","v.1292"
"1300","v.1293"
"1301","v.1294"
"1302","v.1295"
"1303","v.1296"
"1304","v.1297"
"1305","v.1298"
"1306","v.1299"
"1307","v.1300"
"1308","v.1301"
"1309","v.1302"
"1310","v.1303"
"1311","v.1304"
"1312","v.1305"
"1313","v.1306"
"1314","v.1307"
"1315","v.1308"
"1316","v.1309"
"1317","v.1310"
"1318","v.1311"
"1319","v.1312"
"1320","v.1313"
"1321","v.1314"
"1322","v.1315"
"1323","v.1316"
"1324","v.1317"
"1325","v.1318"
"1326","v.1319"
"1327","v.1320"
"1328","v.1321"
"1329","v.1322"
"1330","v.1323"
"1331","v.1324"
"1332","v.1325"
"1333","v.1326"
"1334","v.1327"
"1335","v.1328"
"1336","v.1329"
"1337","v.1330"
"1338","v.1331"
"1339","v.1332"
"1340","v.1333"
"1341","v.1334"
"1342","v.1335"
"1343","v.1336"
"1344","v.1337"
"1345","v.1338"
"1346","v.1339"
"1347","v.1340"
"1348","v.1341"
"1349","v.1342"
"1350","v.1343"
"1351","v.1344"
"1352","v.1345"
"1353","v.1346"
"1354","v.1347"
"1355","v.1348"
"1356","v.1349"
"1357","v.1350"
"1358","v.1351"
"1359","v.1352"
"1360","v.1353"
"1361","v.1354"
"1362","v.1355"
"1363","v.1356"
"1364","v.1357"
"1365","v.1358"
"1366","v.1359"
"1367","v.1360"
"1368","v.1361"
"1369","v.1362"
"1370","v.1363"
"1371","v.1364"
"1372","v.1365"
"1373","v.1366"
"1374","v.1367"
"1375","v.1368"
"1376","v.1369"
"1377","v.1370"
"1378","v.1371"
"1379","v.1372"
"1380","v.1373"
"1381","v.1374"
"1382","v.1375"
"1383","v.1376"
"1384","v.1377"
"1385","v.1378"
"1386","v.1379"
"1387","v.1380"
"1388","v.1381"
"1389","v.1382"
"1390","v.1383"
"1391","v.1384"
"1392","v.1385"
"1393","v.1386"
"1394","v.1387"
"1395","v.1388"
"1396","v.1389"
"1397","v.1390"
"1398","v.1391"
"1399","v.1392"
"1400","v.1393"
"1401","v.1394"
"1402","v.1395"
"1403","v.1396"
"1404","v.1397"
"1405","v.1398"
"1406","v.1399"
"1407","v.1400"
"1408","v.1401"
"1409","v.1402"
"1410","v.1403"
"1411","v.1404"
"1412","v.1405"
"1413","v.1406"
"1414","v.1407"
"1415","v.1408"
"1416","v.1409"
"1417","v.1410"
"1418","v.1411"
"1419","v.1412"
"1420","v.1413"
"1421","v.1414"
"1422","v.1415"
"1423","v.1416"
"1424","v.1417"
"1425","v.1418"
"1426","v.1419"
"1427","v.1420"
"1428","v.1421"
"1429","v.1422"
"1430","v.1423"
"1431","v.1424"
"1432","v.1425"
"1433","v.1426"
"1434","v.1427"
"1435","v.1428"
"1436","v.1429"
"1437","v.1430"
"1438","v.1431"
"1439","v.1432"
"1440","v.1433"
"1441","v.1434"
"1442","v.1435"
"1443","v.1436"
"1444","v.1437"
"1445","v.1438"
"1446","v.1439"
"1447","v.1440"
"1448","v.1441"
"1449","v.1442"
"1450","v.1443"
"1451","v.1444"
"1452","v.1445"
"1453","v.1446"
"1454","v.1447"
"1455","v.1448"
"1456","v.1449"
"1457","v.1450"
"1458","v.1451"
"1459","v.1452"
"1460","v.1453"
"1461","v.1454"
"1462","v.1455"
"1463","v.1456"
"1464","v.1457"
"1465","v.1458"
"1466","v.1459"
"1467","v.1460"
"1468","v.1461"
"1469","v.1462"
"1470","v.1463"
"1471","v.1464"
"1472","v.1465"
"1473","v.1466"
"1474","v.1467"
"1475","v.1468"
"1476","v.1469"
"1477","v.1470"
"1478","v.1471"
"1479","v.1472"
"1480","v.1473"
"1481","v.1474"
"1482","v.1475"
"1483","v.1476"
"1484","v.1477"
"1485","v.1478"
"1486","v.1479"
"1487","v.1480"
"1488","v.1481"
"1489","v.1482"
"1490","v.1483"
"1491","v.1484"
"1492","v.1485"
"1493","v.1486"
"1494","v.1487"
"1495","v.1488"
"1496","v.1489"
"1497","v.1490"
"1498","v.1491"
"1499","v.1492"
"1500","v.1493"
"1501","v.1494"
"1502","v.1495"
"1503","v.1496"
"1504","v.1497"
"1505","v.1498"
"1506","v.1499"
"1507","v.1500"
"1508","v.1501"
"1509","v.1502"
"1510","v.1503"
"1511","v.1504"
"1512","v.1505"
"1513","v.1506"
"1514","v.1507"
"1515","v.1508"
"1516","v.1509"
"1517","v.1510"
"1518","v.1511"
"1519","v.1512"
"1520","v.1513"
"1521","v.1514"
"1522","v.1515"
"1523","v.1516"
"1524","v.1517"
"1525","v.1518"
"1526","v.1519"
"1527","v.1520"
"1528","v.1521"
"1529","v.1522"
"1530","v.1523"
"1531","v.1524"
"1532","v.1525"
"1533","v.1526"
"1534","v.1527"
"1535","v.1528"
"1536","v.1529"
"1537","v.1530"
"1538","v.1531"
"1539","v.1532"
"1540","v.1533"
"1541","v.1534"
"1542","v.1535"
"1543","v.1536"
"1544","v.1537"
"1545","v.1538"
"1546","v.1539"
"1547","v.1540"
"1548","v.1541"
"1549","v.1542"
"1550","v.1543"
"1551","v.1544"
"1552","v.1545"
"1553","v.1546"
"1554","v.1547"
"1555","v.1548"
"1556","v.1549"
"1557","v.1550"
"1558","v.1551"
"1559","v.1552"
"1560","v.1553"
"1561","v.1554"
"1562","v.1555"
"1563","v.1556"
"1564","v.1557"
"1565","v.1558"
"1566","v.1559"
"1567","v.1560"
"1568","v.1561"
"1569","v.1562"
"1570","v.1563"
"1571","v.1564"
"1572","v.1565"
"1573","v.1566"
"1574","v.1567"
"1575","v.1568"
"1576","v.1569"
"1577","v.1570"
"1578","v.1571"
"1579","v.1572"
"1580","v.1573"
"1581","v.1574"
"1582","v.1575"
"1583","v.1576"
"1584","v.1577"
"1585","v.1578"
"1586","v.1579"
"1587","v.1580"
"1588","v.1581"
"1589","v.1582"
"1590","v.1583"
"1591","v.1584"
"1592","v.1585"
"1593","v.1586"
"1594","v.1587"
"1595","v.1588"
"1596","v.1589"
"1597","v.1590"
"1598","v.1591"
"1599","v.1592"
"1600","v.1593"
"1601","v.1594"
"1602","v.1595"
"1603","v.1596"
"1604","v.1597"
"1605","v.1598"
"1606","v.1599"
"1607","v.1600"
"1608","v.1601"
"1609","v.1602"
"1610","v.1603"
"1611","v.1604"
"1612","v.1605"
"1613","v.1606"
"1614","v.1607"
"1615","v.1608"
"1616","v.1609"
"1617","v.1610"
"1618","v.1611"
"1619","v.1612"
"1620","v.1613"
"1621","v.1614"
"1622","v.1615"
"1623","v.1616"
"1624","v.1617"
"1625","v.1618"
"1626","v.1619"
"1627","v.1620"
"1628","v.1621"
"1629","v.1622"
"1630","v.1623"
"1631","v.1624"
"1632","v.1625"
"1633","v.1626"
"1634","v.1627"
"1635","v.1628"
"1636","v.1629"
"1637","v.1630"
"1638","v.1631"
"1639","v.1632"
"1640","v.1633"
"1641","v.1634"
"1642","v.1635"
"1643","v.1636"
"1644","v.1637"
"1645","v.1638"
"1646","v.1639"
"1647","v.1640"
"1648","v.1641"
"1649","v.1642"
"1650","v.1643"
"1651","v.1644"
"1652","v.1645"
"1653","v.1646"
"1654","v.1647"
"1655","v.1648"
"1656","v.1649"
"1657","v.1650"
"1658","v.1651"
"1659","v.1652"
"1660","v.1653"
"1661","v.1654"
"1662","v.1655"
"1663","v.1656"
"1664","v.1657"
"1665","v.1658"
"1666","v.1659"
"1667","v.1660"
"1668","v.1661"
"1669","v.1662"
"1670","v.1663"
"1671","v.1664"
"1672","v.1665"
"1673","v.1666"
"1674","v.1667"
"1675","v.1668"
"1676","v.1669"
"1677","v.1670"
"1678","v.1671"
"1679","v.1672"
"1680","v.1673"
"1681","v.1674"
"1682","v.1675"
"1683","v.1676"
"1684","v.1677"
"1685","v.1678"
"1686","v.1679"
"1687","v.1680"
"1688","v.1681"
"1689","v.1682"
"1690","v.1683"
"1691","v.1684"
"1692","v.1685"
"1693","v.1686"
"1694","v.1687"
"1695","v.1688"
"1696","v.1689"
"1697","v.1690"
"1698","v.1691"
"1699","v.1692"
"1700","v.1693"
"1701","v.1694"
"1702","v.1695"
"1703","v.1696"
"1704","v.1697"
"1705","v.1698"
"1706","v.1699"
"1707","v.1700"
"1708","v.1701"
"1709","v.1702"
"1710","v.1703"
"1711","v.1704"
"1712","v.1705"
"1713","v.1706"
"1714","v.1707"
"1715","v.1708"
"1716","v.1709"
"1717","v.1710"
"1718","v.1711"
"1719","v.1712"
"1720","v.1713"
"1721","v.1714"
"1722","v.1715"
"1723","v.1716"
"1724","v.1717"
"1725","v.1718"
"1726","v.1719"
"1727","v.1720"
"1728","v.1721"
"1729","v.1722"
"1730","v.1723"
"1731","v.1724"
"1732","v.1725"
"1733","v.1726"
"1734","v.1727"
"1735","v.1728"
"1736","v.1729"
"1737","v.1730"
"1738","v.1731"
"1739","v.1732"
"1740","v.1733"
"1741","v.1734"
"1742","v.1735"
"1743","v.1736"
"1744","v.1737"
"1745","v.1738"
"1746","v.1739"
"1747","v.1740"
"1748","v.1741"
"1749","v.1742"
"1750","v.1743"
"1751","v.1744"
"1752","v.1745"
"1753","v.1746"
"1754","v.1747"
"1755","v.1748"
"1756","v.1749"
"1757","v.1750"
"1758","v.1751"
"1759","v.1752"
"1760","v.1753"
"1761","v.1754"
"1762","v.1755"
"1763","v.1756"
"1764","v.1757"
"1765","v.1758"
"1766","v.1759"
"1767","v.1760"
"1768","v.1761"
"1769","v.1762"
"1770","v.1763"
"1771","v.1764"
"1772","v.1765"
"1773","v.1766"
"1774","v.1767"
"1775","v.1768"
"1776","v.1769"
"1777","v.1770"
"1778","v.1771"
"1779","v.1772"
"1780","v.1773"
"1781","v.1774"
"1782","v.1775"
"1783","v.1776"
"1784","v.1777"
"1785","v.1778"
"1786","v.1779"
"1787","v.1780"
"1788","v.1781"
"1789","v.1782"
"1790","v.1783"
"1791","v.1784"
"1792","v.1785"
"1793","v.1786"
"1794","v.1787"
"1795","v.1788"
"1796","v.1789"
"1797","v.1790"
"1798","v.1791"
"1799","v.1792"
"1800","v.1793"
"1801","v.1794"
"1802","v.1795"
"1803","v.1796"
"1804","v.1797"
"1805","v.1798"
"1806","v.1799"
"1807","v.1800"
"1808","v.1801"
"1809","v.1802"
"1810","v.1803"
"1811","v.1804"
"1812","v.1805"
"1813","v.1806"
"1814","v.1807"
"1815","v.1808"
"1816","v.1809"
"1817","v.1810"
"1818","v.1811"
"1819","v.1812"
"1820","v.1813"
"1821","v.1814"
"1822","v.1815"
"1823","v.1816"
"1824","v.1817"
"1825","v.1818"
"1826","v.1819"
"1827","v.1820"
"1828","v.1821"
"1829","v.1822"
"1830","v.1823"
"1831","v.1824"
"1832","v.1825"
"1833","v.1826"
"1834","v.1827"
"1835","v.1828"
"1836","v.1829"
"1837","v.1830"
"1838","v.1831"
"1839","v.1832"
"1840","v.1833"
"1841","v.1834"
"1842","v.1835"
"1843","v.1836"
"1844","v.1837"
"1845","v.1838"
"1846","v.1839"
"1847","v.1840"
"1848","v.1841"
"1849","v.1842"
"1850","v.1843"
"1851","v.1844"
"1852","v.1845"
"1853","v.1846"
"1854","v.1847"
"1855","v.1848"
"1856","v.1849"
"1857","v.1850"
"1858","v.1851"
"1859","v.1852"
"1860","v.1853"
"1861","v.1854"
"1862","v.1855"
"1863","v.1856"
"1864","v.1857"
"1865","v.1858"
"1866","v.1859"
"1867","v.1860"
"1868","v.1861"
"1869","v.1862"
"1870","v.1863"
"1871","v.1864"
"1872","v.1865"
"1873","v.1866"
"1874","v.1867"
"1875","v.1868"
"1876","v.1869"
"1877","v.1870"
"1878","v.1871"
"1879","v.1872"
"1880","v.1873"
"1881","v.1874"
"1882","v.1875"
"1883","v.1876"
"1884","v.1877"
"1885","v.1878"
"1886","v.1879"
"1887","v.1880"
"1888","v.1881"
"1889","v.1882"
"1890","v.1883"
"1891","v.1884"
"1892","v.1885"
"1893","v.1886"
"1894","v.1887"
"1895","v.1888"
"1896","v.1889"
"1897","v.1890"
"1898","v.1891"
"1899","v.1892"
"1900","v.1893"
"1901","v.1894"
"1902","v.1895"
"1903","v.1896"
"1904","v.1897"
"1905","v.1898"
"1906","v.1899"
"1907","v.1900"
"1908","v.1901"
"1909","v.1902"
"1910","v.1903"
"1911","v.1904"
"1912","v.1905"
"1913","v.1906"
"1914","v.1907"
"1915","v.1908"
"1916","v.1909"
"1917","v.1910"
"1918","v.1911"
"1919","v.1912"
"1920","v.1913"
"1921","v.1914"
"1922","v.1915"
"1923","v.1916"
"1924","v.1917"
"1925","v.1918"
"1926","v.1919"
"1927","v.1920"
"1928","v.1921"
"1929","v.1922"
"1930","v.1923"
"1931","v.1924"
"1932","v.1925"
"1933","v.1926"
"1934","v.1927"
"1935","v.1928"
"1936","v.1929"
"1937","v.1930"
"1938","v.1931"
"1939","v.1932"
"1940","v.1933"
"1941","v.1934"
"1942","v.1935"
"1943","v.1936"
"1944","v.1937"
"1945","v.1938"
"1946","v.1939"
"1947","v.1940"
"1948","v.1941"
"1949","v.1942"
"1950","v.1943"
"1951","v.1944"
"1952","v.1945"
"1953","v.1946"
"1954","v.1947"
"1955","v.1948"
"1956","v.1949"
"1957","v.1950"
"1958","v.1951"
"1959","v.1952"
"1960","v.1953"
"1961","v.1954"
"1962","v.1955"
"1963","v.1956"
"1964","v.1957"
"1965","v.1958"
"1966","v.1959"
"1967","v.1960"
"1968","v.1961"
"1969","v.1962"
"1970","v.1963"
"1971","v.1964"
"1972","v.1965"
"1973","v.1966"
"1974","v.1967"
"1975","v.1968"
"1976","v.1969"
"1977","v.1970"
"1978","v.1971"
"1979","v.1972"
"1980","v.1973"
"1981","v.1974"
"1982","v.1975"
"1983","v.1976"
"1984","v.1977"
"1985","v.1978"
"1986","v.1979"
"1987","v.1980"
"1988","v.1981"
"1989","v.1982"
"1990","v.1983"
"1991","v.1984"
"1992","v.1985"
"1993","v.1986"
"1994","v.1987"
"1995","v.1988"
"1996","v.1989"
"1997","v.1990"
"1998","v.1991"
"1999","v.1992"
"2000","v.1993"
"2001","v.1994"
"2002","v.1995"
"2003","v.1996"
"2004","v.1997"
"2005","v.1998"
"2006","v.1999"
"2007","v.2000"
"2008","v.2001"
"2009","v.2002"
"2010","v.2003"
"2011","v.2004"
"2012","v.2005"
"2013","v.2006"
"2014","v.2007"
"2015","v.2008"
"2016","v.2009"
"2017","v.2010"
"2018","v.2011"
"2019","v.2012"
"2020","v.2013"
"2021","v.2014"
"2022","v.2015"
"2023","v.2016"
"2024","v.2017"
"2025","v.2018"
"2026","v.2019"
"2027","v.2020"
"2028","v.2021"
"2029","v.2022"
"2030","v.2023"
"2031","v.2024"
"2032","v.2025"
"2033","v.2026"
"2034","v.2027"
"2035","v.2028"
"2036","v.2029"
"2037","v.2030"
"2038","v.2031"
"2039","v.2032"
"2040","v.2033"
"2041","v.2034"
"2042","v.2035"
"2043","v.2036"
"2044","v.2037"
"2045","v.2038"
"2046","v.2039"
"2047","v.2040"
"2048","v.2041"
"2049","v.2042"
"2050","v.2043"
"2051","v.2044"
"2052","v.2045"
"2053","v.2046"
"2054","v.2047"
"2055","v.2048"
"2056","v.2049"
"2057","v.2050"
"2058","v.2051"
"2059","v.2052"
"2060","v.2053"
"2061","v.2054"
"2062","v.2055"
"2063","v.2056"
"2064","v.2057"
"2065","v.2058"
"2066","v.2059"
"2067","v.2060"
"2068","v.2061"
"2069","v.2062"
"2070","v.2063"
"2071","v.2064"
"2072","v.2065"
"2073","v.2066"
"2074","v.2067"
"2075","v.2068"
"2076","v.2069"
"2077","v.2070"
"2078","v.2071"
"2079","v.2072"
"2080","v.2073"
"2081","v.2074"
"2082","v.2075"
"2083","v.2076"
"2084","v.2077"
"2085","v.2078"
"2086","v.2079"
"2087","v.2080"
"2088","v.2081"
"2089","v.2082"
"2090","v.2083"
"2091","v.2084"
"2092","v.2085"
"2093","v.2086"
"2094","v.2087"
"2095","v.2088"
"2096","v.2089"
"2097","v.2090"
"2098","v.2091"
"2099","v.2092"
"2100","v.2093"
"2101","v.2094"
"2102","v.2095"
"2103","v.2096"
"2104","v.2097"
"2105","v.2098"
"2106","v.2099"
"2107","v.2100"
"2108","v.2101"
"2109","v.2102"
"2110","v.2103"
"2111","v.2104"
"2112","v.2105"
"2113","v.2106"
"2114","v.2107"
"2115","v.2108"
"2116","v.2109"
"2117","v.2110"
"2118","v.2111"
"2119","v.2112"
"2120","v.2113"
"2121","v.2114"
"2122","v.2115"
"2123","v.2116"
"2124","v.2117"
"2125","v.2118"
"2126","v.2119"
"2127","v.2120"
"2128","v.2121"
"2129","v.2122"
"2130","v.2123"
"2131","v.2124"
"2132","v.2125"
"2133","v.2126"
"2134","v.2127"
"2135","v.2128"
"2136","v.2129"
"2137","v.2130"
"2138","v.2131"
"2139","v.2132"
"2140","v.2133"
"2141","v.2134"
"2142","v.2135"
"2143","v.2136"
"2144","v.2137"
"2145","v.2138"
"2146","v.2139"
"2147","v.2140"
"2148","v.2141"
"2149","v.2142"
"2150","v.2143"
"2151","v.2144"
"2152","v.2145"
"2153","v.2146"
"2154","v.2147"
"2155","v.2148"
"2156","v.2149"
"2157","v.2150"
"2158","v.2151"
"2159","v.2152"
"2160","v.2153"
"2161","v.2154"
"2162","v.2155"
"2163","v.2156"
"2164","v.2157"
"2165","v.2158"
"2166","v.2159"
"2167","v.2160"
"2168","v.2161"
"2169","v.2162"
"2170","v.2163"
"2171","v.2164"
"2172","v.2165"
"2173","v.2166"
"2174","v.2167"
"2175","v.2168"
"2176","v.2169"
"2177","v.2170"
"2178","v.2171"
"2179","v.2172"
"2180","v.2173"
"2181","v.2174"
"2182","v.2175"
"2183","v.2176"
"2184","v.2177"
"2185","v.2178"
"2186","v.2179"
"2187","v.2180"
"2188","v.2181"
"2189","v.2182"
"2190","v.2183"
"2191","v.2184"
"2192","v.2185"
"2193","v.2186"
"2194","v.2187"
"2195","v.2188"
"2196","v.2189"
"2197","v.2190"
"2198","v.2191"
"2199","v.2192"
"2200","v.2193"
"2201","v.2194"
"2202","v.2195"
"2203","v.2196"
"2204","v.2197"
"2205","v.2198"
"2206","v.2199"
"2207","v.2200"
"2208","v.2201"
"2209","v.2202"
"2210","v.2203"
"2211","v.2204"
"2212","v.2205"
"2213","v.2206"
"2214","v.2207"
"2215","v.2208"
"2216","v.2209"
"2217","v.2210"
"2218","v.2211"
"2219","v.2212"
"2220","v.2213"
"2221","v.2214"
"2222","v.2215"
"2223","v.2216"
"2224","v.2217"
"2225","v.2218"
"2226","v.2219"
"2227","v.2220"
"2228","v.2221"
"2229","v.2222"
"2230","v.2223"
"2231","v.2224"
"2232","v.2225"
"2233","v.2226"
"2234","v.2227"
"2235","v.2228"
"2236","v.2229"
"2237","v.2230"
"2238","v.2231"
"2239","v.2232"
"2240","v.2233"
"2241","v.2234"
"2242","v.2235"
"2243","v.2236"
"2244","v.2237"
"2245","v.2238"
"2246","v.2239"
"2247","v.2240"
"2248","v.2241"
"2249","v.2242"
"2250","v.2243"
"2251","v.2244"
"2252","v.2245"
"2253","v.2246"
"2254","v.2247"
"2255","v.2248"
"2256","v.2249"
"2257","v.2250"
"2258","v.2251"
"2259","v.2252"
"2260","v.2253"
"2261","v.2254"
"2262","v.2255"
"2263","v.2256"
"2264","v.2257"
"2265","v.2258"
"2266","v.2259"
"2267","v.2260"
"2268","v.2261"
"2269","v.2262"
"2270","v.2263"
"2271","v.2264"
"2272","v.2265"
"2273","v.2266"
"2274","v.2267"
"2275","v.2268"
"2276","v.2269"
"2277","v.2270"
"2278","v.2271"
"2279","v.2272"
"2280","v.2273"
"2281","v.2274"
"2282","v.2275"
"2283","v.2276"
"2284","v.2277"
"2285","v.2278"
"2286","v.2279"
"2287","v.2280"
"2288","v.2281"
"2289","v.2282"
"2290","v.2283"
"2291","v.2284"
"2292","v.2285"
"2293","v.2286"
"2294","v.2287"
"2295","v.2288"
"2296","v.2289"
"2297","v.2290"
"2298","v.2291"
"2299","v.2292"
"2300","v.2293"
"2301","v.2294"
"2302","v.2295"
"2303","v.2296"
"2304","v.2297"
"2305","v.2298"
"2306","v.2299"
"2307","v.2300"
"2308","v.2301"
"2309","v.2302"
"2310","v.2303"
"2311","v.2304"
"2312","v.2305"
"2313","v.2306"
"2314","v.2307"
"2315","v.2308"
"2316","v.2309"
"2317","v.2310"
"2318","v.2311"
"2319","v.2312"
"2320","v.2313"
"2321","v.2314"
"2322","v.2315"
"2323","v.2316"
"2324","v.2317"
"2325","v.2318"
"2326","v.2319"
"2327","v.2320"
"2328","v.2321"
"2329","v.2322"
"2330","v.2323"
"2331","v.2324"
"2332","v.2325"
"2333","v.2326"
"2334","v.2327"
"2335","v.2328"
"2336","v.2329"
"2337","v.2330"
"2338","v.2331"
"2339","v.2332"
"2340","v.2333"
"2341","v.2334"
"2342","v.2335"
"2343","v.2336"
"2344","v.2337"
"2345","v.2338"
"2346","v.2339"
"2347","v.2340"
"2348","v.2341"
"2349","v.2342"
"2350","v.2343"
"2351","v.2344"
"2352","v.2345"
"2353","v.2346"
"2354","v.2347"
"2355","v.2348"
"2356","v.2349"
"2357","v.2350"
"2358","v.2351"
"2359","v.2352"
"2360","v.2353"
"2361","v.2354"
"2362","v.2355"
"2363","v.2356"
"2364","v.2357"
"2365","v.2358"
"2366","v.2359"
"2367","v.2360"
"2368","v.2361"
"2369","v.2362"
"2370","v.2363"
"2371","v.2364"
"2372","v.2365"
"2373","v.2366"
"2374","v.2367"
"2375","v.2368"
"2376","v.2369"
"2377","v.2370"
"2378","v.2371"
"2379","v.2372"
"2380","v.2373"
"2381","v.2374"
"2382","v.2375"
"2383","v.2376"
"2384","v.2377"
"2385","v.2378"
"2386","v.2379"
"2387","v.2380"
"2388","v.2381"
"2389","v.2382"
"2390","v.2383"
"2391","v.2384"
"2392","v.2385"
"2393","v.2386"
"2394","v.2387"
"2395","v.2388"
"2396","v.2389"
"2397","v.2390"
"2398","v.2391"
"2399","v.2392"
"2400","v.2393"
"2401","v.2394"
"2402","v.2395"
"2403","v.2396"
"2404","v.2397"
"2405","v.2398"
"2406","v.2399"
"2407","v.2400"
"2408","v.2401"
"2409","v.2402"
"2410","v.2403"
"2411","v.2404"
"2412","v.2405"
"2413","v.2406"
"2414","v.2407"
"2415","v.2408"
"2416","v.2409"
"2417","v.2410"
"2418","v.2411"
"2419","v.2412"
"2420","v.2413"
"2421","v.2414"
"2422","v.2415"
"2423","v.2416"
"2424","v.2417"
"2425","v.2418"
"2426","v.2419"
"2427","v.2420"
"2428","v.2421"
"2429","v.2422"
"2430","v.2423"
"2431","v.2424"
"2432","v.2425"
"2433","v.2426"
"2434","v.2427"
"2435","v.2428"
"2436","v.2429"
"2437","v.2430"
"2438","v.2431"
"2439","v.2432"
"2440","v.2433"
"2441","v.2434"
"2442","v.2435"
"2443","v.2436"
"2444","v.2437"
"2445","v.2438"
"2446","v.2439"
"2447","v.2440"
"2448","v.2441"
"2449","v.2442"
"2450","v.2443"
"2451","v.2444"
"2452","v.2445"
"2453","v.2446"
"2454","v.2447"
"2455","v.2448"
"2456","v.2449"
"2457","v.2450"
"2458","v.2451"
"2459","v.2452"
"2460","v.2453"
"2461","v.2454"
"2462","v.2455"
"2463","v.2456"
"2464","v.2457"
"2465","v.2458"
"2466","v.2459"
"2467","v.2460"
"2468","v.2461"
"2469","v.2462"
"2470","v.2463"
"2471","v.2464"
"2472","v.2465"
"2473","v.2466"
"2474","v.2467"
"2475","v.2468"
"2476","v.2469"
"2477","v.2470"
"2478","v.2471"
"2479","v.2472"
"2480","v.2473"
"2481","v.2474"
"2482","v.2475"
"2483","v.2476"
"2484","v.2477"
"2485","v.2478"
"2486","v.2479"
"2487","v.2480"
"2488","v.2481"
"2489","v.2482"
"2490","v.2483"
"2491","v.2484"
"2492","v.2485"
"2493","v.2486"
"2494","v.2487"
"2495","v.2488"
"2496","v.2489"
"2497","v.2490"
"2498","v.2491"
"2499","v.2492"
"2500","v.2493"
"2501","v.2494"
"2502","v.2495"
"2503","v.2496"
"2504","v.2497"
"2505","v.2498"
"2506","v.2499"
"2507","v.2500"
"2508","v.2501"
"2509","v.2502"
"2510","v.2503"
"2511","v.2504"
"2512","v.2505"
"2513","v.2506"
"2514","v.2507"
"2515","v.2508"
"2516","v.2509"
"2517","v.2510"
"2518","v.2511"
"2519","v.2512"
"2520","v.2513"
"2521","v.2514"
"2522","v.2515"
"2523","v.2516"
"2524","v.2517"
"2525","v.2518"
"2526","v.2519"
"2527","v.2520"
"2528","v.2521"
"2529","v.2522"
"2530","v.2523"
"2531","v.2524"
"2532","v.2525"
"2533","v.2526"
"2534","v.2527"
"2535","v.2528"
"2536","v.2529"
"2537","v.2530"
"2538","v.2531"
"2539","v.2532"
"2540","v.2533"
"2541","v.2534"
"2542","v.2535"
"2543","v.2536"
"2544","v.2537"
"2545","v.2538"
"2546","v.2539"
"2547","v.2540"
"2548","v.2541"
"2549","v.2542"
"2550","v.2543"
"2551","v.2544"
"2552","v.2545"
"2553","v.2546"
"2554","v.2547"
"2555","v.2548"
"2556","v.2549"
"2557","v.2550"
"2558","v.2551"
"2559","v.2552"
"2560","v.2553"
"2561","v.2554"
"2562","v.2555"
"2563","v.2556"
"2564","v.2557"
"2565","v.2558"
"2566","v.2559"
"2567","v.2560"
"2568","v.2561"
"2569","v.2562"
"2570","v.2563"
"2571","v.2564"
"2572","v.2565"
"2573","v.2566"
"2574","v.2567"
"2575","v.2568"
"2576","v.2569"
"2577","v.2570"
"2578","v.2571"
"2579","v.2572"
"2580","v.2573"
"2581","v.2574"
"2582","v.2575"
"2583","v.2576"
"2584","v.2577"
"2585","v.2578"
"2586","v.2579"
"2587","v.2580"
"2588","v.2581"
"2589","v.2582"
"2590","v.2583"
"2591","v.2584"
"2592","v.2585"
"2593","v.2586"
"2594","v.2587"
"2595","v.2588"
"2596","v.2589"
"2597","v.2590"
"2598","v.2591"
"2599","v.2592"
"2600","v.2593"
"2601","v.2594"
"2602","v.2595"
"2603","v.2596"
"2604","v.2597"
"2605","v.2598"
"2606","v.2599"
"2607","v.2600"
"2608","v.2601"
"2609","v.2602"
"2610","v.2603"
"2611","v.2604"
"2612","v.2605"
"2613","v.2606"
"2614","v.2607"
"2615","v.2608"
"2616","v.2609"
"2617","v.2610"
"2618","v.2611"
"2619","v.2612"
"2620","v.2613"
"2621","v.2614"
"2622","v.2615"
"2623","v.2616"
"2624","v.2617"
"2625","v.2618"
"2626","v.2619"
"2627","v.2620"
"2628","v.2621"
"2629","v.2622"
"2630","v.2623"
"2631","v.2624"
"2632","v.2625"
"2633","v.2626"
"2634","v.2627"
"2635","v.2628"
"2636","v.2629"
"2637","v.2630"
"2638","v.2631"
"2639","v.2632"
"2640","v.2633"
"2641","v.2634"
"2642","v.2635"
"2643","v.2636"
"2644","v.2637"
"2645","v.2638"
"2646","v.2639"
"2647","v.2640"
"2648","v.2641"
"2649","v.2642"
"2650","v.2643"
"2651","v.2644"
"2652","v.2645"
"2653","v.2646"
"2654","v.2647"
"2655","v.2648"
"2656","v.2649"
"2657","v.2650"
"2658","v.2651"
"2659","v.2652"
"2660","v.2653"
"2661","v.2654"
"2662","v.2655"
"2663","v.2656"
"2664","v.2657"
"2665","v.2658"
"2666","v.2659"
"2667","v.2660"
"2668","v.2661"
"2669","v.2662"
"2670","v.2663"
"2671","v.2664"
"2672","v.2665"
"2673","v.2666"
"2674","v.2667"
"2675","v.2668"
"2676","v.2669"
"2677","v.2670"
"2678","v.2671"
"2679","v.2672"
"2680","v.2673"
"2681","v.2674"
"2682","v.2675"
"2683","v.2676"
"2684","v.2677"
"2685","v.2678"
"2686","v.2679"
"2687","v.2680"
"2688","v.2681"
"2689","v.2682"
"2690","v.2683"
"2691","v.2684"
"2692","v.2685"
"2693","v.2686"
"2694","v.2687"
"2695","v.2688"
"2696","v.2689"
"2697","v.2690"
"2698","v.2691"
"2699","v.2692"
"2700","v.2693"
"2701","v.2694"
"2702","v.2695"
"2703","v.2696"
"2704","v.2697"
"2705","v.2698"
"2706","v.2699"
"2707","v.2700"
"2708","v.2701"
"2709","v.2702"
"2710","v.2703"
"2711","v.2704"
"2712","v.2705"
"2713","v.2706"
"2714","v.2707"
"2715","v.2708"
"2716","v.2709"
"2717","v.2710"
"2718","v.2711"
"2719","v.2712"
"2720","v.2713"
"2721","v.2714"
"2722","v.2715"
"2723","v.2716"
"2724","v.2717"
"2725","v.2718"
"2726","v.2719"
"2727","v.2720"
"2728","v.2721"
"2729","v.2722"
"2730","v.2723"
"2731","v.2724"
"2732","v.2725"
"2733","v.2726"
"2734","v.2727"
"2735","v.2728"
"2736","v.2729"
"2737","v.2730"
"2738","v.2731"
"2739","v.2732"
"2740","v.2733"
"2741","v.2734"
"2742","v.2735"
"2743","v.2736"
"2744","v.2737"
"2745","v.2738"
"2746","v.2739"
"2747","v.2740"
"2748","v.2741"
"2749","v.2742"
"2750","v.2743"
"2751","v.2744"
"2752","v.2745"
"2753","v.2746"
"2754","v.2747"
"2755","v.2748"
"2756","v.2749"
"2757","v.2750"
"2758","v.2751"
"2759","v.2752"
"2760","v.2753"
"2761","v.2754"
"2762","v.2755"
"2763","v.2756"
"2764","v.2757"
"2765","v.2758"
"2766","v.2759"
"2767","v.2760"
"2768","v.2761"
"2769","v.2762"
"2770","v.2763"
"2771","v.2764"
"2772","v.2765"
"2773","v.2766"
"2774","v.2767"
"2775","v.2768"
"2776","v.2769"
"2777","v.2770"
"2778","v.2771"
"2779","v.2772"
"2780","v.2773"
"2781","v.2774"
"2782","v.2775"
"2783","v.2776"
"2784","v.2777"
"2785","v.2778"
"2786","v.2779"
"2787","v.2780"
"2788","v.2781"
"2789","v.2782"
"2790","v.2783"
"2791","v.2784"
"2792","v.2785"
"2793","v.2786"
"2794","v.2787"
"2795","v.2788"
"2796","v.2789"
"2797","v.2790"
"2798","v.2791"
"2799","v.2792"
"2800","v.2793"
"2801","v.2794"
"2802","v.2795"
"2803","v.2796"
"2804","v.2797"
"2805","v.2798"
"2806","v.2799"
"2807","v.2800"
"2808","v.2801"
"2809","v.2802"
"2810","v.2803"
"2811","v.2804"
"2812","v.2805"
"2813","v.2806"
"2814","v.2807"
"2815","v.2808"
"2816","v.2809"
"2817","v.2810"
"2818","v.2811"
"2819","v.2812"
"2820","v.2813"
"2821","v.2814"
"2822","v.2815"
"2823","v.2816"
"2824","v.2817"
"2825","v.2818"
"2826","v.2819"
"2827","v.2820"
"2828","v.2821"
"2829","v.2822"
"2830","v.2823"
"2831","v.2824"
"2832","v.2825"
"2833","v.2826"
"2834","v.2827"
"2835","v.2828"
"2836","v.2829"
"2837","v.2830"
"2838","v.2831"
"2839","v.2832"
"2840","v.2833"
"2841","v.2834"
"2842","v.2835"
"2843","v.2836"
"2844","v.2837"
"2845","v.2838"
"2846","v.2839"
"2847","v.2840"
"2848","v.2841"
"2849","v.2842"
"2850","v.2843"
"2851","v.2844"
"2852","v.2845"
"2853","v.2846"
"2854","v.2847"
"2855","v.2848"
"2856","v.2849"
"2857","v.2850"
"2858","v.2851"
"2859","v.2852"
"2860","v.2853"
"2861","v.2854"
"2862","v.2855"
"2863","v.2856"
"2864","v.2857"
"2865","v.2858"
"2866","v.2859"
"2867","v.2860"
"2868","v.2861"
"2869","v.2862"
"2870","v.2863"
"2871","v.2864"
"2872","v.2865"
"2873","v.2866"
"2874","v.2867"
"2875","v.2868"
"2876","v.2869"
"2877","v.2870"
"2878","v.2871"
"2879","v.2872"
"2880","v.2873"
"2881","v.2874"
"2882","v.2875"
"2883","v.2876"
"2884","v.2877"
"2885","v.2878"
"2886","v.2879"
"2887","v.2880"
"2888","v.2881"
"2889","v.2882"
"2890","v.2883"
"2891","v.2884"
"2892","v.2885"
"2893","v.2886"
"2894","v.2887"
"2895","v.2888"
"2896","v.2889"
"2897","v.2890"
"2898","v.2891"
"2899","v.2892"
"2900","v.2893"
"2901","v.2894"
"2902","v.2895"
"2903","v.2896"
"2904","v.2897"
"2905","v.2898"
"2906","v.2899"
"2907","v.2900"
"2908","v.2901"
"2909","v.2902"
"2910","v.2903"
"2911","v.2904"
"2912","v.2905"
"2913","v.2906"
"2914","v.2907"
"2915","v.2908"
"2916","v.2909"
"2917","v.2910"
"2918","v.2911"
"2919","v.2912"
"2920","v.2913"
"2921","v.2914"
"2922","v.2915"
"2923","v.2916"
"2924","v.2917"
"2925","v.2918"
"2926","v.2919"
"2927","v.2920"
"2928","v.2921"
"2929","v.2922"
"2930","v.2923"
"2931","v.2924"
"2932","v.2925"
"2933","v.2926"
"2934","v.2927"
"2935","v.2928"
"2936","v.2929"
"2937","v.2930"
"2938","v.2931"
"2939","v.2932"
"2940","v.2933"
"2941","v.2934"
"2942","v.2935"
"2943","v.2936"
"2944","v.2937"
"2945","v.2938"
"2946","v.2939"
"2947","v.2940"
"2948","v.2941"
"2949","v.2942"
"2950","v.2943"
"2951","v.2944"
"2952","v.2945"
"2953","v.2946"
"2954","v.2947"
"2955","v.2948"
"2956","v.2949"
"2957","v.2950"
"2958","v.2951"
"2959","v.2952"
"2960","v.2953"
"2961","v.2954"
"2962","v.2955"
"2963","v.2956"
"2964","v.2957"
"2965","v.2958"
"2966","v.2959"
"2967","v.2960"
"2968","v.2961"
"2969","v.2962"
"2970","v.2963"
"2971","v.2964"
"2972","v.2965"
"2973","v.2966"
"2974","v.2967"
"2975","v.2968"
"2976","v.2969"
"2977","v.2970"
"2978","v.2971"
"2979","v.2972"
"2980","v.2973"
"2981","v.2974"
"2982","v.2975"
"2983","v.2976"
"2984","v.2977"
"2985","v.2978"
"2986","v.2979"
"2987","v.2980"
"2988","v.2981"
"2989","v.2982"
"2990","v.2983"
"2991","v.2984"
"2992","v.2985"
"2993","v.2986"
"2994","v.2987"
"2995","v.2988"
"2996","v.2989"
"2997","v.2990"
"2998","v.2991"
"2999","v.2992"
"3000","v.2993"
"3001","v.2994"
"3002","v.2995"
"3003","v.2996"
"3004","v.2997"
"3005","v.2998"
"3006","v.2999"
"3007","v.3000"
"3008","v.3001"
"3009","v.3002"
"3010","v.3003"
"3011","v.3004"
"3012","v.3005"
"3013","v.3006"
"3014","v.3007"
"3015","v.3008"
"3016","v.3009"
"3017","v.3010"
"3018","v.3011"
"3019","v.3012"
"3020","v.3013"
"3021","v.3014"
"3022","v.3015"
"3023","v.3016"
"3024","v.3017"
"3025","v.3018"
"3026","v.3019"
"3027","v.3020"
"3028","v.3021"
"3029","v.3022"
"3030","v.3023"
"3031","v.3024"
"3032","v.3025"
"3033","v.3026"
"3034","v.3027"
"3035","v.3028"
"3036","v.3029"
"3037","v.3030"
"3038","v.3031"
"3039","v.3032"
"3040","v.3033"
"3041","v.3034"
"3042","v.3035"
"3043","v.3036"
"3044","v.3037"
"3045","v.3038"
"3046","v.3039"
"3047","v.3040"
"3048","v.3041"
"3049","v.3042"
"3050","v.3043"
"3051","v.3044"
"3052","v.3045"
"3053","v.3046"
"3054","v.3047"
"3055","v.3048"
"3056","v.3049"
"3057","v.3050"
"3058","v.3051"
"3059","v.3052"
"3060","v.3053"
"3061","v.3054"
"3062","v.3055"
"3063","v.3056"
"3064","v.3057"
"3065","v.3058"
"3066","v.3059"
"3067","v.3060"
"3068","v.3061"
"3069","v.3062"
"3070","v.3063"
"3071","v.3064"
"3072","v.3065"
"3073","v.3066"
"3074","v.3067"
"3075","v.3068"
"3076","v.3069"
"3077","v.3070"
"3078","v.3071"
"3079","v.3072"
"3080","v.3073"
"3081","v.3074"
"3082","v.3075"
"3083","v.3076"
"3084","v.3077"
"3085","v.3078"
"3086","v.3079"
"3087","v.3080"
"3088","v.3081"
"3089","v.3082"
"3090","v.3083"
"3091","v.3084"
"3092","v.3085"
"3093","v.3086"
"3094","v.3087"
"3095","v.3088"
"3096","v.3089"
"3097","v.3090"
"3098","v.3091"
"3099","v.3092"
"3100","v.3093"
"3101","v.3094"
"3102","v.3095"
"3103","v.3096"
"3104","v.3097"
"3105","v.3098"
"3106","v.3099"
"3107","v.3100"
"3108","v.3101"
"3109","v.3102"
"3110","v.3103"
"3111","v.3104"
"3112","v.3105"
"3113","v.3106"
"3114","v.3107"
"3115","v.3108"
"3116","v.3109"
"3117","v.3110"
"3118","v.3111"
"3119","v.3112"
"3120","v.3113"
"3121","v.3114"
"3122","v.3115"
"3123","v.3116"
"3124","v.3117"
"3125","v.3118"
"3126","v.3119"
"3127","v.3120"
"3128","v.3121"
"3129","v.3122"
"3130","v.3123"
"3131","v.3124"
"3132","v.3125"
"3133","v.3126"
"3134","v.3127"
"3135","v.3128"
"3136","v.3129"
"3137","v.3130"
"3138","v.3131"
"3139","v.3132"
"3140","v.3133"
"3141","v.3134"
"3142","v.3135"
"3143","v.3136"
"3144","v.3137"
"3145","v.3138"
"3146","v.3139"
"3147","v.3140"
"3148","v.3141"
"3149","v.3142"
"3150","v.3143"
"3151","v.3144"
"3152","v.3145"
"3153","v.3146"
"3154","v.3147"
"3155","v.3148"
"3156","v.3149"
"3157","v.3150"
"3158","v.3151"
"3159","v.3152"
"3160","v.3153"
"3161","v.3154"
"3162","v.3155"
"3163","v.3156"
"3164","v.3157"
"3165","v.3158"
"3166","v.3159"
"3167","v.3160"
"3168","v.3161"
"3169","v.3162"
"3170","v.3163"
"3171","v.3164"
"3172","v.3165"
"3173","v.3166"
"3174","v.3167"
"3175","v.3168"
"3176","v.3169"
"3177","v.3170"
"3178","v.3171"
"3179","v.3172"
"3180","v.3173"
"3181","v.3174"
"3182","v.3175"
"3183","v.3176"
"3184","v.3177"
"3185","v.3178"
"3186","v.3179"
"3187","v.3180"
"3188","v.3181"
"3189","v.3182"
"3190","v.3183"
"3191","v.3184"
"3192","v.3185"
"3193","v.3186"
"3194","v.3187"
"3195","v.3188"
"3196","v.3189"
"3197","v.3190"
"3198","v.3191"
"3199","v.3192"
"3200","v.3193"
"3201","v.3194"
"3202","v.3195"
"3203","v.3196"
"3204","v.3197"
"3205","v.3198"
"3206","v.3199"
"3207","v.3200"
"3208","v.3201"
"3209","v.3202"
"3210","v.3203"
"3211","v.3204"
"3212","v.3205"
"3213","v.3206"
"3214","v.3207"
"3215","v.3208"
"3216","v.3209"
"3217","v.3210"
"3218","v.3211"
"3219","v.3212"
"3220","v.3213"
"3221","v.3214"
"3222","v.3215"
"3223","v.3216"
"3224","v.3217"
"3225","v.3218"
"3226","v.3219"
"3227","v.3220"
"3228","v.3221"
"3229","v.3222"
"3230","v.3223"
"3231","v.3224"
"3232","v.3225"
"3233","v.3226"
"3234","v.3227"
"3235","v.3228"
"3236","v.3229"
"3237","v.3230"
"3238","v.3231"
"3239","v.3232"
"3240","v.3233"
"3241","v.3234"
"3242","v.3235"
"3243","v.3236"
"3244","v.3237"
"3245","v.3238"
"3246","v.3239"
"3247","v.3240"
"3248","v.3241"
"3249","v.3242"
"3250","v.3243"
"3251","v.3244"
"3252","v.3245"
"3253","v.3246"
"3254","v.3247"
"3255","v.3248"
"3256","v.3249"
"3257","v.3250"
"3258","v.3251"
"3259","v.3252"
"3260","v.3253"
"3261","v.3254"
"3262","v.3255"
"3263","v.3256"
"3264","v.3257"
"3265","v.3258"
"3266","v.3259"
"3267","v.3260"
"3268","v.3261"
"3269","v.3262"
"3270","v.3263"
"3271","v.3264"
"3272","v.3265"
"3273","v.3266"
"3274","v.3267"
"3275","v.3268"
"3276","v.3269"
"3277","v.3270"
"3278","v.3271"
"3279","v.3272"
"3280","v.3273"
"3281","v.3274"
"3282","v.3275"
"3283","v.3276"
"3284","v.3277"
"3285","v.3278"
"3286","v.3279"
"3287","v.3280"
"3288","v.3281"
"3289","v.3282"
"3290","v.3283"
"3291","v.3284"
"3292","v.3285"
"3293","v.3286"
"3294","v.3287"
"3295","v.3288"
"3296","v.3289"
"3297","v.3290"
"3298","v.3291"
"3299","v.3292"
"3300","v.3293"
"3301","v.3294"
"3302","v.3295"
"3303","v.3296"
"3304","v.3297"
"3305","v.3298"
"3306","v.3299"
"3307","v.3300"
"3308","v.3301"
"3309","v.3302"
"3310","v.3303"
"3311","v.3304"
"3312","v.3305"
"3313","v.3306"
"3314","v.3307"
"3315","v.3308"
"3316","v.3309"
"3317","v.3310"
"3318","v.3311"
"3319","v.3312"
"3320","v.3313"
"3321","v.3314"
"3322","v.3315"
"3323","v.3316"
"3324","v.3317"
"3325","v.3318"
"3326","v.3319"
"3327","v.3320"
"3328","v.3321"
"3329","v.3322"
"3330","v.3323"
"3331","v.3324"
"3332","v.3325"
"3333","v.3326"
"3334","v.3327"
"3335","v.3328"
"3336","v.3329"
"3337","v.3330"
"3338","v.3331"
"3339","v.3332"
"3340","v.3333"
"3341","v.3334"
"3342","v.3335"
"3343","v.3336"
"3344","v.3337"
"3345","v.3338"
"3346","v.3339"
"3347","v.3340"
"3348","v.3341"
"3349","v.3342"
"3350","v.3343"
"3351","v.3344"
"3352","v.3345"
"3353","v.3346"
"3354","v.3347"
"3355","v.3348"
"3356","v.3349"
"3357","v.3350"
"3358","v.3351"
"3359","v.3352"
"3360","v.3353"
"3361","v.3354"
"3362","v.3355"
"3363","v.3356"
"3364","v.3357"
"3365","v.3358"
"3366","v.3359"
"3367","v.3360"
"3368","v.3361"
"3369","v.3362"
"3370","v.3363"
"3371","v.3364"
"3372","v.3365"
"3373","v.3366"
"3374","v.3367"
"3375","v.3368"
"3376","v.3369"
"3377","v.3370"
"3378","v.3371"
"3379","v.3372"
"3380","v.3373"
"3381","v.3374"
"3382","v.3375"
"3383","v.3376"
"3384","v.3377"
"3385","v.3378"
"3386","v.3379"
"3387","v.3380"
"3388","v.3381"
"3389","v.3382"
"3390","v.3383"
"3391","v.3384"
"3392","v.3385"
"3393","v.3386"
"3394","v.3387"
"3395","v.3388"
"3396","v.3389"
"3397","v.3390"
"3398","v.3391"
"3399","v.3392"
"3400","v.3393"
"3401","v.3394"
"3402","v.3395"
"3403","v.3396"
"3404","v.3397"
"3405","v.3398"
"3406","v.3399"
"3407","v.3400"
"3408","v.3401"
"3409","v.3402"
"3410","v.3403"
"3411","v.3404"
"3412","v.3405"
"3413","v.3406"
"3414","v.3407"
"3415","v.3408"
"3416","v.3409"
"3417","v.3410"
"3418","v.3411"
"3419","v.3412"
"3420","v.3413"
"3421","v.3414"
"3422","v.3415"
"3423","v.3416"
"3424","v.3417"
"3425","v.3418"
"3426","v.3419"
"3427","v.3420"
"3428","v.3421"
"3429","v.3422"
"3430","v.3423"
"3431","v.3424"
"3432","v.3425"
"3433","v.3426"
"3434","v.3427"
"3435","v.3428"
"3436","v.3429"
"3437","v.3430"
"3438","v.3431"
"3439","v.3432"
"3440","v.3433"
"3441","v.3434"
"3442","v.3435"
"3443","v.3436"
"3444","v.3437"
"3445","v.3438"
"3446","v.3439"
"3447","v.3440"
"3448","v.3441"
"3449","v.3442"
"3450","v.3443"
"3451","v.3444"
"3452","v.3445"
"3453","v.3446"
"3454","v.3447"
"3455","v.3448"
"3456","v.3449"
"3457","v.3450"
"3458","v.3451"
"3459","v.3452"
"3460","v.3453"
"3461","v.3454"
"3462","v.3455"
"3463","v.3456"
"3464","v.3457"
"3465","v.3458"
"3466","v.3459"
"3467","v.3460"
"3468","v.3461"
"3469","v.3462"
"3470","v.3463"
"3471","v.3464"
"3472","v.3465"
"3473","v.3466"
"3474","v.3467"
"3475","v.3468"
"3476","v.3469"
"3477","v.3470"
"3478","v.3471"
"3479","v.3472"
"3480","v.3473"
"3481","v.3474"
"3482","v.3475"
"3483","v.3476"
"3484","v.3477"
"3485","v.3478"
"3486","v.3479"
"3487","v.3480"
"3488","v.3481"
"3489","v.3482"
"3490","v.3483"
"3491","v.3484"
"3492","v.3485"
"3493","v.3486"
"3494","v.3487"
"3495","v.3488"
"3496","v.3489"
"3497","v.3490"
"3498","v.3491"
"3499","v.3492"
"3500","v.3493"
"3501","v.3494"
"3502","v.3495"
"3503","v.3496"
"3504","v.3497"
"3505","v.3498"
"3506","v.3499"
"3507","v.3500"
"3508","v.3501"
"3509","v.3502"
"3510","v.3503"
"3511","v.3504"
"3512","v.3505"
"3513","v.3506"
"3514","v.3507"
"3515","v.3508"
"3516","v.3509"
"3517","v.3510"
"3518","v.3511"
"3519","v.3512"
"3520","v.3513"
"3521","v.3514"
"3522","v.3515"
"3523","v.3516"
"3524","v.3517"
"3525","v.3518"
"3526","v.3519"
"3527","v.3520"
"3528","v.3521"
"3529","v.3522"
"3530","v.3523"
"3531","v.3524"
"3532","v.3525"
"3533","v.3526"
"3534","v.3527"
"3535","v.3528"
"3536","v.3529"
"3537","v.3530"
"3538","v.3531"
"3539","v.3532"
"3540","v.3533"
"3541","v.3534"
"3542","v.3535"
"3543","v.3536"
"3544","v.3537"
"3545","v.3538"
"3546","v.3539"
"3547","v.3540"
"3548","v.3541"
"3549","v.3542"
"3550","v.3543"
"3551","v.3544"
"3552","v.3545"
"3553","v.3546"
"3554","v.3547"
"3555","v.3548"
"3556","v.3549"
"3557","v.3550"
"3558","v.3551"
"3559","v.3552"
"3560","v.3553"
"3561","v.3554"
"3562","v.3555"
"3563","v.3556"
"3564","v.3557"
"3565","v.3558"
"3566","v.3559"
"3567","v.3560"
"3568","v.3561"
"3569","v.3562"
"3570","v.3563"
"3571","v.3564"
"3572","v.3565"
"3573","v.3566"
"3574","v.3567"
"3575","v.3568"
"3576","v.3569"
"3577","v.3570"
"3578","v.3571"
"3579","v.3572"
"3580","v.3573"
"3581","v.3574"
"3582","v.3575"
"3583","v.3576"
"3584","v.3577"
"3585","v.3578"
"3586","v.3579"
"3587","v.3580"
"3588","v.3581"
"3589","v.3582"
"3590","v.3583"
"3591","v.3584"
"3592","v.3585"
"3593","v.3586"
"3594","v.3587"
"3595","v.3588"
"3596","v.3589"
"3597","v.3590"
"3598","v.3591"
"3599","v.3592"
"3600","v.3593"
"3601","v.3594"
"3602","v.3595"
"3603","v.3596"
"3604","v.3597"
"3605","v.3598"
"3606","v.3599"
"3607","v.3600"
"3608","v.3601"
"3609","v.3602"
"3610","v.3603"
"3611","v.3604"
"3612","v.3605"
"3613","v.3606"
"3614","v.3607"
"3615","v.3608"
"3616","v.3609"
"3617","v.3610"
"3618","v.3611"
"3619","v.3612"
"3620","v.3613"
"3621","v.3614"
"3622","v.3615"
"3623","v.3616"
"3624","v.3617"
"3625","v.3618"
"3626","v.3619"
"3627","v.3620"
"3628","v.3621"
"3629","v.3622"
"3630","v.3623"
"3631","v.3624"
"3632","v.3625"
"3633","v.3626"
"3634","v.3627"
"3635","v.3628"
"3636","v.3629"
"3637","v.3630"
"3638","v.3631"
"3639","v.3632"
"3640","v.3633"
"3641","v.3634"
"3642","v.3635"
"3643","v.3636"
"3644","v.3637"
"3645","v.3638"
"3646","v.3639"
"3647","v.3640"
"3648","v.3641"
"3649","v.3642"
"3650","v.3643"
"3651","v.3644"
"3652","v.3645"
"3653","v.3646"
"3654","v.3647"
"3655","v.3648"
"3656","v.3649"
"3657","v.3650"
"3658","v.3651"
"3659","v.3652"
"3660","v.3653"
"3661","v.3654"
"3662","v.3655"
"3663","v.3656"
"3664","v.3657"
"3665","v.3658"
"3666","v.3659"
"3667","v.3660"
"3668","v.3661"
"3669","v.3662"
"3670","v.3663"
"3671","v.3664"
"3672","v.3665"
"3673","v.3666"
"3674","v.3667"
"3675","v.3668"
"3676","v.3669"
"3677","v.3670"
"3678","v.3671"
"3679","v.3672"
"3680","v.3673"
"3681","v.3674"
"3682","v.3675"
"3683","v.3676"
"3684","v.3677"
"3685","v.3678"
"3686","v.3679"
"3687","v.3680"
"3688","v.3681"
"3689","v.3682"
"3690","v.3683"
"3691","v.3684"
"3692","v.3685"
"3693","v.3686"
"3694","v.3687"
"3695","v.3688"
"3696","v.3689"
"3697","v.3690"
"3698","v.3691"
"3699","v.3692"
"3700","v.3693"
"3701","v.3694"
"3702","v.3695"
"3703","v.3696"
"3704","v.3697"
"3705","v.3698"
"3706","v.3699"
"3707","v.3700"
"3708","v.3701"
"3709","v.3702"
"3710","v.3703"
"3711","v.3704"
"3712","v.3705"
"3713","v.3706"
"3714","v.3707"
"3715","v.3708"
"3716","v.3709"
"3717","v.3710"
"3718","v.3711"
"3719","v.3712"
"3720","v.3713"
"3721","v.3714"
"3722","v.3715"
"3723","v.3716"
"3724","v.3717"
"3725","v.3718"
"3726","v.3719"
"3727","v.3720"
"3728","v.3721"
"3729","v.3722"
"3730","v.3723"
"3731","v.3724"
"3732","v.3725"
"3733","v.3726"
"3734","v.3727"
"3735","v.3728"
"3736","v.3729"
"3737","v.3730"
"3738","v.3731"
"3739","v.3732"
"3740","v.3733"
"3741","v.3734"
"3742","v.3735"
"3743","v.3736"
"3744","v.3737"
"3745","v.3738"
"3746","v.3739"
"3747","v.3740"
"3748","v.3741"
"3749","v.3742"
"3750","v.3743"
"3751","v.3744"
"3752","v.3745"
"3753","v.3746"
"3754","v.3747"
"3755","v.3748"
"3756","v.3749"
"3757","v.3750"
"3758","v.3751"
"3759","v.3752"
"3760","v.3753"
"3761","v.3754"
"3762","v.3755"
"3763","v.3756"
"3764","v.3757"
"3765","v.3758"
"3766","v.3759"
"3767","v.3760"
"3768","v.3761"
"3769","v.3762"
"3770","v.3763"
"3771","v.3764"
"3772","v.3765"
"3773","v.3766"
"3774","v.3767"
"3775","v.3768"
"3776","v.3769"
"3777","v.3770"
"3778","v.3771"
"3779","v.3772"
"3780","v.3773"
"3781","v.3774"
"3782","v.3775"
"3783","v.3776"
"3784","v.3777"
"3785","v.3778"
"3786","v.3779"
"3787","v.3780"
"3788","v.3781"
"3789","v.3782"
"3790","v.3783"
"3791","v.3784"
"3792","v.3785"
"3793","v.3786"
"3794","v.3787"
"3795","v.3788"
"3796","v.3789"
"3797","v.3790"
"3798","v.3791"
"3799","v.3792"
"3800","v.3793"
"3801","v.3794"
"3802","v.3795"
"3803","v.3796"
"3804","v.3797"
"3805","v.3798"
"3806","v.3799"
"3807","v.3800"
"3808","v.3801"
"3809","v.3802"
"3810","v.3803"
"3811","v.3804"
"3812","v.3805"
"3813","v.3806"
"3814","v.3807"
"3815","v.3808"
"3816","v.3809"
"3817","v.3810"
"3818","v.3811"
"3819","v.3812"
"3820","v.3813"
"3821","v.3814"
"3822","v.3815"
"3823","v.3816"
"3824","v.3817"
"3825","v.3818"
"3826","v.3819"
"3827","v.3820"
"3828","v.3821"
"3829","v.3822"
"3830","v.3823"
"3831","v.3824"
"3832","v.3825"
"3833","v.3826"
"3834","v.3827"
"3835","v.3828"
"3836","v.3829"
"3837","v.3830"
"3838","v.3831"
"3839","v.3832"
"3840","v.3833"
"3841","v.3834"
"3842","v.3835"
"3843","v.3836"
"3844","v.3837"
"3845","v.3838"
"3846","v.3839"
"3847","v.3840"
"3848","v.3841"
"3849","v.3842"
"3850","v.3843"
"3851","v.3844"
"3852","v.3845"
"3853","v.3846"
"3854","v.3847"
"3855","v.3848"
"3856","v.3849"
"3857","v.3850"
"3858","v.3851"
"3859","v.3852"
"3860","v.3853"
"3861","v.3854"
"3862","v.3855"
"3863","v.3856"
"3864","v.3857"
"3865","v.3858"
"3866","v.3859"
"3867","v.3860"
"3868","v.3861"
"3869","v.3862"
"3870","v.3863"
"3871","v.3864"
"3872","v.3865"
"3873","v.3866"
"3874","v.3867"
"3875","v.3868"
"3876","v.3869"
"3877","v.3870"
"3878","v.3871"
"3879","v.3872"
"3880","v.3873"
"3881","v.3874"
"3882","v.3875"
"3883","v.3876"
"3884","v.3877"
"3885","v.3878"
"3886","v.3879"
"3887","v.3880"
"3888","v.3881"
"3889","v.3882"
"3890","v.3883"
"3891","v.3884"
"3892","v.3885"
"3893","v.3886"
"3894","v.3887"
"3895","v.3888"
"3896","v.3889"
"3897","v.3890"
"3898","v.3891"
"3899","v.3892"
"3900","v.3893"
"3901","v.3894"
"3902","v.3895"
"3903","v.3896"
"3904","v.3897"
"3905","v.3898"
"3906","v.3899"
"3907","v.3900"
"3908","v.3901"
"3909","v.3902"
"3910","v.3903"
"3911","v.3904"
"3912","v.3905"
"3913","v.3906"
"3914","v.3907"
"3915","v.3908"
"3916","v.3909"
"3917","v.3910"
"3918","v.3911"
"3919","v.3912"
"3920","v.3913"
"3921","v.3914"
"3922","v.3915"
"3923","v.3916"
"3924","v.3917"
"3925","v.3918"
"3926","v.3919"
"3927","v.3920"
"3928","v.3921"
"3929","v.3922"
"3930","v.3923"
"3931","v.3924"
"3932","v.3925"
"3933","v.3926"
"3934","v.3927"
"3935","v.3928"
"3936","v.3929"
"3937","v.3930"
"3938","v.3931"
"3939","v.3932"
"3940","v.3933"
"3941","v.3934"
"3942","v.3935"
"3943","v.3936"
"3944","v.3937"
"3945","v.3938"
"3946","v.3939"
"3947","v.3940"
"3948","v.3941"
"3949","v.3942"
"3950","v.3943"
"3951","v.3944"
"3952","v.3945"
"3953","v.3946"
"3954","v.3947"
"3955","v.3948"
"3956","v.3949"
"3957","v.3950"
"3958","v.3951"
"3959","v.3952"
"3960","v.3953"
"3961","v.3954"
"3962","v.3955"
"3963","v.3956"
"3964","v.3957"
"3965","v.3958"
"3966","v.3959"
"3967","v.3960"
"3968","v.3961"
"3969","v.3962"
"3970","v.3963"
"3971","v.3964"
"3972","v.3965"
"3973","v.3966"
"3974","v.3967"
"3975","v.3968"
"3976","v.3969"
"3977","v.3970"
"3978","v.3971"
"3979","v.3972"
"3980","v.3973"
"3981","v.3974"
"3982","v.3975"
"3983","v.3976"
"3984","v.3977"
"3985","v.3978"
"3986","v.3979"
"3987","v.3980"
"3988","v.3981"
"3989","v.3982"
"3990","v.3983"
"3991","v.3984"
"3992","v.3985"
"3993","v.3986"
"3994","v.3987"
"3995","v.3988"
"3996","v.3989"
"3997","v.3990"
"3998","v.3991"
"3999","v.3992"
"4000","v.3993"
"4001","v.3994"
"4002","v.3995"
"4003","v.3996"
"4004","v.3997"
"4005","v.3998"
"4006","v.3999"
"4007","v.4000"
"4008","v.4001"
"4009","v.4002"
"4010","v.4003"
"4011","v.4004"
"4012","v.4005"
"4013","v.4006"
"4014","v.4007"
"4015","v.4008"
"4016","v.4009"
"4017","v.4010"
"4018","v.4011"
"4019","v.4012"
"4020","v.4013"
"4021","v.4014"
"4022","v.4015"
"4023","v.4016"
"4024","v.4017"
"4025","v.4018"
"4026","v.4019"
"4027","v.4020"
"4028","v.4021"
"4029","v.4022"
"4030","v.4023"
"4031","v.4024"
"4032","v.4025"
"4033","v.4026"
"4034","v.4027"
"4035","v.4028"
"4036","v.4029"
"4037","v.4030"
"4038","v.4031"
"4039","v.4032"
"4040","v.4033"
"4041","v.4034"
"4042","v.4035"
"4043","v.4036"
"4044","v.4037"
"4045","v.4038"
"4046","v.4039"
"4047","v.4040"
"4048","v.4041"
"4049","v.4042"
"4050","v.4043"
"4051","v.4044"
"4052","v.4045"
"4053","v.4046"
"4054","v.4047"
"4055","v.4048"
"4056","v.4049"
"4057","v.4050"
"4058","v.4051"
"4059","v.4052"
"4060","v.4053"
"4061","v.4054"
"4062","v.4055"
"4063","v.4056"
"4064","v.4057"
"4065","v.4058"
"4066","v.4059"
"4067","v.4060"
"4068","v.4061"
"4069","v.4062"
"4070","v.4063"
"4071","v.4064"
"4072","v.4065"
"4073","v.4066"
"4074","v.4067"
"4075","v.4068"
"4076","v.4069"
"4077","v.4070"
"4078","v.4071"
"4079","v.4072"
"4080","v.4073"
"4081","v.4074"
"4082","v.4075"
"4083","v.4076"
"4084","v.4077"
"4085","v.4078"
"4086","v.4079"
"4087","v.4080"
"4088","v.4081"
"4089","v.4082"
"4090","v.4083"
"4091","v.4084"
"4092","v.4085"
"4093","v.4086"
"4094","v.4087"
"4095","v.4088"
"4096","v.4089"
"4097","v.4090"
"4098","v.4091"
"4099","v.4092"
"4100","v.4093"
"4101","v.4094"
"4102","v.4095"
"4103","v.4096"
"4104","v.4097"
"4105","v.4098"
"4106","v.4099"
"4107","v.4100"
"4108","v.4101"
"4109","v.4102"
"4110","v.4103"
"4111","v.4104"
"4112","v.4105"
"4113","v.4106"
"4114","v.4107"
"4115","v.4108"
"4116","v.4109"
"4117","v.4110"
"4118","v.4111"
"4119","v.4112"
"4120","v.4113"
"4121","v.4114"
"4122","v.4115"
"4123","v.4116"
"4124","v.4117"
"4125","v.4118"
"4126","v.4119"
"4127","v.4120"
"4128","v.4121"
"4129","v.4122"
"4130","v.4123"
"4131","v.4124"
"4132","v.4125"
"4133","v.4126"
"4134","v.4127"
"4135","v.4128"
"4136","v.4129"
"4137","v.4130"
"4138","v.4131"
"4139","v.4132"
"4140","v.4133"
"4141","v.4134"
"4142","v.4135"
"4143","v.4136"
"4144","v.4137"
"4145","v.4138"
"4146","v.4139"
"4147","v.4140"
"4148","v.4141"
"4149","v.4142"
"4150","v.4143"
"4151","v.4144"
"4152","v.4145"
"4153","v.4146"
"4154","v.4147"
"4155","v.4148"
"4156","v.4149"
"4157","v.4150"
"4158","v.4151"
"4159","v.4152"
"4160","v.4153"
"4161","v.4154"
"4162","v.4155"
"4163","v.4156"
"4164","v.4157"
"4165","v.4158"
"4166","v.4159"
"4167","v.4160"
"4168","v.4161"
"4169","v.4162"
"4170","v.4163"
"4171","v.4164"
"4172","v.4165"
"4173","v.4166"
"4174","v.4167"
"4175","v.4168"
"4176","v.4169"
"4177","v.4170"
"4178","v.4171"
"4179","v.4172"
"4180","v.4173"
"4181","v.4174"
"4182","v.4175"
"4183","v.4176"
"4184","v.4177"
"4185","v.4178"
"4186","v.4179"
"4187","v.4180"
"4188","v.4181"
"4189","v.4182"
"4190","v.4183"
"4191","v.4184"
"4192","v.4185"
"4193","v.4186"
"4194","v.4187"
"4195","v.4188"
"4196","v.4189"
"4197","v.4190"
"4198","v.4191"
"4199","v.4192"
"4200","v.4193"
"4201","v.4194"
"4202","v.4195"
"4203","v.4196"
"4204","v.4197"
"4205","v.4198"
"4206","v.4199"
"4207","v.4200"
"4208","v.4201"
"4209","v.4202"
"4210","v.4203"
"4211","v.4204"
"4212","v.4205"
"4213","v.4206"
"4214","v.4207"
"4215","v.4208"
"4216","v.4209"
"4217","v.4210"
"4218","v.4211"
"4219","v.4212"
"4220","v.4213"
"4221","v.4214"
"4222","v.4215"
"4223","v.4216"
"4224","v.4217"
"4225","v.4218"
"4226","v.4219"
"4227","v.4220"
"4228","v.4221"
"4229","v.4222"
"4230","v.4223"
"4231","v.4224"
"4232","v.4225"
"4233","v.4226"
"4234","v.4227"
"4235","v.4228"
"4236","v.4229"
"4237","v.4230"
"4238","v.4231"
"4239","v.4232"
"4240","v.4233"
"4241","v.4234"
"4242","v.4235"
"4243","v.4236"
"4244","v.4237"
"4245","v.4238"
"4246","v.4239"
"4247","v.4240"
"4248","v.4241"
"4249","v.4242"
"4250","v.4243"
"4251","v.4244"
"4252","v.4245"
"4253","v.4246"
"4254","v.4247"
"4255","v.4248"
"4256","v.4249"
"4257","v.4250"
"4258","v.4251"
"4259","v.4252"
"4260","v.4253"
"4261","v.4254"
"4262","v.4255"
"4263","v.4256"
"4264","v.4257"
"4265","v.4258"
"4266","v.4259"
"4267","v.4260"
"4268","v.4261"
"4269","v.4262"
"4270","v.4263"
"4271","v.4264"
"4272","v.4265"
"4273","v.4266"
"4274","v.4267"
"4275","v.4268"
"4276","v.4269"
"4277","v.4270"
"4278","v.4271"
"4279","v.4272"
"4280","v.4273"
"4281","v.4274"
"4282","v.4275"
"4283","v.4276"
"4284","v.4277"
"4285","v.4278"
"4286","v.4279"
"4287","v.4280"
"4288","v.4281"
"4289","v.4282"
"4290","v.4283"
"4291","v.4284"
"4292","v.4285"
"4293","v.4286"
"4294","v.4287"
"4295","v.4288"
"4296","v.4289"
"4297","v.4290"
"4298","v.4291"
"4299","v.4292"
"4300","v.4293"
"4301","v.4294"
"4302","v.4295"
"4303","v.4296"
"4304","v.4297"
"4305","v.4298"
"4306","v.4299"
"4307","v.4300"
"4308","v.4301"
"4309","v.4302"
"4310","v.4303"
"4311","v.4304"
"4312","v.4305"
"4313","v.4306"
"4314","v.4307"
"4315","v.4308"
"4316","v.4309"
"4317","v.4310"
"4318","v.4311"
"4319","v.4312"
"4320","v.4313"
"4321","v.4314"
"4322","v.4315"
"4323","v.4316"
"4324","v.4317"
"4325","v.4318"
"4326","v.4319"
"4327","v.4320"
"4328","v.4321"
"4329","v.4322"
"4330","v.4323"
"4331","v.4324"
"4332","v.4325"
"4333","v.4326"
"4334","v.4327"
"4335","v.4328"
"4336","v.4329"
"4337","v.4330"
"4338","v.4331"
"4339","v.4332"
"4340","v.4333"
"4341","v.4334"
"4342","v.4335"
"4343","v.4336"
"4344","v.4337"
"4345","v.4338"
"4346","v.4339"
"4347","v.4340"
"4348","v.4341"
"4349","v.4342"
"4350","v.4343"
"4351","v.4344"
"4352","v.4345"
"4353","v.4346"
"4354","v.4347"
"4355","v.4348"
"4356","v.4349"
"4357","v.4350"
"4358","v.4351"
"4359","v.4352"
"4360","v.4353"
"4361","v.4354"
"4362","v.4355"
"4363","v.4356"
"4364","v.4357"
"4365","v.4358"
"4366","v.4359"
"4367","v.4360"
"4368","v.4361"
"4369","v.4362"
"4370","v.4363"
"4371","v.4364"
"4372","v.4365"
"4373","v.4366"
"4374","v.4367"
"4375","v.4368"
"4376","v.4369"
"4377","v.4370"
"4378","v.4371"
"4379","v.4372"
"4380","v.4373"
"4381","v.4374"
"4382","v.4375"
"4383","v.4376"
"4384","v.4377"
"4385","v.4378"
"4386","v.4379"
"4387","v.4380"
"4388","v.4381"
"4389","v.4382"
"4390","v.4383"
"4391","v.4384"
"4392","v.4385"
"4393","v.4386"
"4394","v.4387"
"4395","v.4388"
"4396","v.4389"
"4397","v.4390"
"4398","v.4391"
"4399","v.4392"
"4400","v.4393"
"4401","v.4394"
"4402","v.4395"
"4403","v.4396"
"4404","v.4397"
"4405","v.4398"
"4406","v.4399"
"4407","v.4400"
"4408","v.4401"
"4409","v.4402"
"4410","v.4403"
"4411","v.4404"
"4412","v.4405"
"4413","v.4406"
"4414","v.4407"
"4415","v.4408"
"4416","v.4409"
"4417","v.4410"
"4418","v.4411"
"4419","v.4412"
"4420","v.4413"
"4421","v.4414"
"4422","v.4415"
"4423","v.4416"
"4424","v.4417"
"4425","v.4418"
"4426","v.4419"
"4427","v.4420"
"4428","v.4421"
"4429","v.4422"
"4430","v.4423"
"4431","v.4424"
"4432","v.4425"
"4433","v.4426"
"4434","v.4427"
"4435","v.4428"
"4436","v.4429"
"4437","v.4430"
"4438","v.4431"
"4439","v.4432"
"4440","v.4433"
"4441","v.4434"
"4442","v.4435"
"4443","v.4436"
"4444","v.4437"
"4445","v.4438"
"4446","v.4439"
"4447","v.4440"
"4448","v.4441"
"4449","v.4442"
"4450","v.4443"
"4451","v.4444"
"4452","v.4445"
"4453","v.4446"
"4454","v.4447"
"4455","v.4448"
"4456","v.4449"
"4457","v.4450"
"4458","v.4451"
"4459","v.4452"
"4460","v.4453"
"4461","v.4454"
"4462","v.4455"
"4463","v.4456"
"4464","v.4457"
"4465","v.4458"
"4466","v.4459"
"4467","v.4460"
"4468","v.4461"
"4469","v.4462"
"4470","v.4463"
"4471","v.4464"
"4472","v.4465"
"4473","v.4466"
"4474","v.4467"
"4475","v.4468"
"4476","v.4469"
"4477","v.4470"
"4478","v.4471"
"4479","v.4472"
"4480","v.4473"
"4481","v.4474"
"4482","v.4475"
"4483","v.4476"
"4484","v.4477"
"4485","v.4478"
"4486","v.4479"
"4487","v.4480"
"4488","v.4481"
"4489","v.4482"
"4490","v.4483"
"4491","v.4484"
"4492","v.4485"
"4493","v.4486"
"4494","v.4487"
"4495","v.4488"
"4496","v.4489"
"4497","v.4490"
"4498","v.4491"
"4499","v.4492"
"4500","v.4493"
"4501","v.4494"
"4502","v.4495"
"4503","v.4496"
"4504","v.4497"
"4505","v.4498"
"4506","v.4499"
"4507","v.4500"
"4508","v.4501"
"4509","v.4502"
"4510","v.4503"
"4511","v.4504"
"4512","v.4505"
"4513","v.4506"
"4514","v.4507"
"4515","v.4508"
"4516","v.4509"
"4517","v.4510"
"4518","v.4511"
"4519","v.4512"
"4520","v.4513"
"4521","v.4514"
"4522","v.4515"
"4523","v.4516"
"4524","v.4517"
"4525","v.4518"
"4526","v.4519"
"4527","v.4520"
"4528","v.4521"
"4529","v.4522"
"4530","v.4523"
"4531","v.4524"
"4532","v.4525"
"4533","v.4526"
"4534","v.4527"
"4535","v.4528"
"4536","v.4529"
"4537","v.4530"
"4538","v.4531"
"4539","v.4532"
"4540","v.4533"
"4541","v.4534"
"4542","v.4535"
"4543","v.4536"
"4544","v.4537"
"4545","v.4538"
"4546","v.4539"
"4547","v.4540"
"4548","v.4541"
"4549","v.4542"
"4550","v.4543"
"4551","v.4544"
"4552","v.4545"
"4553","v.4546"
"4554","v.4547"
"4555","v.4548"
"4556","v.4549"
"4557","v.4550"
"4558","v.4551"
"4559","v.4552"
"4560","v.4553"
"4561","v.4554"
"4562","v.4555"
"4563","v.4556"
"4564","v.4557"
"4565","v.4558"
"4566","v.4559"
"4567","v.4560"
"4568","v.4561"
"4569","v.4562"
"4570","v.4563"
"4571","v.4564"
"4572","v.4565"
"4573","v.4566"
"4574","v.4567"
"4575","v.4568"
"4576","v.4569"
"4577","v.4570"
"4578","v.4571"
"4579","v.4572"
"4580","v.4573"
"4581","v.4574"
"4582","v.4575"
"4583","v.4576"
"4584","v.4577"
"4585","v.4578"
"4586","v.4579"
"4587","v.4580"
"4588","v.4581"
"4589","v.4582"
"4590","v.4583"
"4591","v.4584"
"4592","v.4585"
"4593","v.4586"
"4594","v.4587"
"4595","v.4588"
"4596","v.4589"
"4597","v.4590"
"4598","v.4591"
"4599","v.4592"
"4600","v.4593"
"4601","v.4594"
"4602","v.4595"
"4603","v.4596"
"4604","v.4597"
"4605","v.4598"
"4606","v.4599"
"4607","v.4600"
"4608","v.4601"
"4609","v.4602"
"4610","v.4603"
"4611","v.4604"
"4612","v.4605"
"4613","v.4606"
"4614","v.4607"
"4615","v.4608"
"4616","v.4609"
"4617","v.4610"
"4618","v.4611"
"4619","v.4612"
"4620","v.4613"
"4621","v.4614"
"4622","v.4615"
"4623","v.4616"
"4624","v.4617"
"4625","v.4618"
"4626","v.4619"
"4627","v.4620"
"4628","v.4621"
"4629","v.4622"
"4630","v.4623"
"4631","v.4624"
"4632","v.4625"
"4633","v.4626"
"4634","v.4627"
"4635","v.4628"
"4636","v.4629"
"4637","v.4630"
"4638","v.4631"
"4639","v.4632"
"4640","v.4633"
"4641","v.4634"
"4642","v.4635"
"4643","v.4636"
"4644","v.4637"
"4645","v.4638"
"4646","v.4639"
"4647","v.4640"
"4648","v.4641"
"4649","v.4642"
"4650","v.4643"
"4651","v.4644"
"4652","v.4645"
"4653","v.4646"
"4654","v.4647"
"4655","v.4648"
"4656","v.4649"
"4657","v.4650"
"4658","v.4651"
"4659","v.4652"
"4660","v.4653"
"4661","v.4654"
"4662","v.4655"
"4663","v.4656"
"4664","v.4657"
"4665","v.4658"
"4666","v.4659"
"4667","v.4660"
"4668","v.4661"
"4669","v.4662"
"4670","v.4663"
"4671","v.4664"
"4672","v.4665"
"4673","v.4666"
"4674","v.4667"
"4675","v.4668"
"4676","v.4669"
"4677","v.4670"
"4678","v.4671"
"4679","v.4672"
"4680","v.4673"
"4681","v.4674"
"4682","v.4675"
"4683","v.4676"
"4684","v.4677"
"4685","v.4678"
"4686","v.4679"
"4687","v.4680"
"4688","v.4681"
"4689","v.4682"
"4690","v.4683"
"4691","v.4684"
"4692","v.4685"
"4693","v.4686"
"4694","v.4687"
"4695","v.4688"
"4696","v.4689"
"4697","v.4690"
"4698","v.4691"
"4699","v.4692"
"4700","v.4693"
"4701","v.4694"
"4702","v.4695"
"4703","v.4696"
"4704","v.4697"
"4705","v.4698"
"4706","v.4699"
"4707","v.4700"
"4708","v.4701"
"4709","v.4702"
"4710","v.4703"
"4711","v.4704"
"4712","v.4705"
"4713","v.4706"
"4714","v.4707"
"4715","v.4708"
"4716","v.4709"
"4717","v.4710"
"4718","v.4711"
"4719","v.4712"
"4720","v.4713"
"4721","v.4714"
"4722","v.4715"
"4723","v.4716"
"4724","v.4717"
"4725","v.4718"
"4726","v.4719"
"4727","v.4720"
"4728","v.4721"
"4729","v.4722"
"4730","v.4723"
"4731","v.4724"
"4732","v.4725"
"4733","v.4726"
"4734","v.4727"
"4735","v.4728"
"4736","v.4729"
"4737","v.4730"
"4738","v.4731"
"4739","v.4732"
"4740","v.4733"
"4741","v.4734"
"4742","v.4735"
"4743","v.4736"
"4744","v.4737"
"4745","v.4738"
"4746","v.4739"
"4747","v.4740"
"4748","v.4741"
"4749","v.4742"
"4750","v.4743"
"4751","v.4744"
"4752","v.4745"
"4753","v.4746"
"4754","v.4747"
"4755","v.4748"
"4756","v.4749"
"4757","v.4750"
"4758","v.4751"
"4759","v.4752"
"4760","v.4753"
"4761","v.4754"
"4762","v.4755"
"4763","v.4756"
"4764","v.4757"
"4765","v.4758"
"4766","v.4759"
"4767","v.4760"
"4768","v.4761"
"4769","v.4762"
"4770","v.4763"
"4771","v.4764"
"4772","v.4765"
"4773","v.4766"
"4774","v.4767"
"4775","v.4768"
"4776","v.4769"
"4777","v.4770"
"4778","v.4771"
"4779","v.4772"
"4780","v.4773"
"4781","v.4774"
"4782","v.4775"
"4783","v.4776"
"4784","v.4777"
"4785","v.4778"
"4786","v.4779"
"4787","v.4780"
"4788","v.4781"
"4789","v.4782"
"4790","v.4783"
"4791","v.4784"
"4792","v.4785"
"4793","v.4786"
"4794","v.4787"
"4795","v.4788"
"4796","v.4789"
"4797","v.4790"
"4798","v.4791"
"4799","v.4792"
"4800","v.4793"
"4801","v.4794"
"4802","v.4795"
"4803","v.4796"
"4804","v.4797"
"4805","v.4798"
"4806","v.4799"
"4807","v.4800"
"4808","v.4801"
"4809","v.4802"
"4810","v.4803"
"4811","v.4804"
"4812","v.4805"
"4813","v.4806"
"4814","v.4807"
"4815","v.4808"
"4816","v.4809"
"4817","v.4810"
"4818","v.4811"
"4819","v.4812"
"4820","v.4813"
"4821","v.4814"
"4822","v.4815"
"4823","v.4816"
"4824","v.4817"
"4825","v.4818"
"4826","v.4819"
"4827","v.4820"
"4828","v.4821"
"4829","v.4822"
"4830","v.4823"
"4831","v.4824"
"4832","v.4825"
"4833","v.4826"
"4834","v.4827"
"4835","v.4828"
"4836","v.4829"
"4837","v.4830"
"4838","v.4831"
"4839","v.4832"
"4840","v.4833"
"4841","v.4834"
"4842","v.4835"
"4843","v.4836"
"4844","v.4837"
"4845","v.4838"
"4846","v.4839"
"4847","v.4840"
"4848","v.4841"
"4849","v.4842"
"4850","v.4843"
"4851","v.4844"
"4852","v.4845"
"4853","v.4846"
"4854","v.4847"
"4855","v.4848"
"4856","v.4849"
"4857","v.4850"
"4858","v.4851"
"4859","v.4852"
"4860","v.4853"
"4861","v.4854"
"4862","v.4855"
"4863","v.4856"
"4864","v.4857"
"4865","v.4858"
"4866","v.4859"
"4867","v.4860"
"4868","v.4861"
"4869","v.4862"
"4870","v.4863"
"4871","v.4864"
"4872","v.4865"
"4873","v.4866"
"4874","v.4867"
"4875","v.4868"
"4876","v.4869"
"4877","v.4870"
"4878","v.4871"
"4879","v.4872"
"4880","v.4873"
"4881","v.4874"
"4882","v.4875"
"4883","v.4876"
"4884","v.4877"
"4885","v.4878"
"4886","v.4879"
"4887","v.4880"
"4888","v.4881"
"4889","v.4882"
"4890","v.4883"
"4891","v.4884"
"4892","v.4885"
"4893","v.4886"
"4894","v.4887"
"4895","v.4888"
"4896","v.4889"
"4897","v.4890"
"4898","v.4891"
"4899","v.4892"
"4900","v.4893"
"4901","v.4894"
"4902","v.4895"
"4903","v.4896"
"4904","v.4897"
"4905","v.4898"
"4906","v.4899"
"4907","v.4900"
"4908","v.4901"
"4909","v.4902"
"4910","v.4903"
"4911","v.4904"
"4912","v.4905"
"4913","v.4906"
"4914","v.4907"
"4915","v.4908"
"4916","v.4909"
"4917","v.4910"
"4918","v.4911"
"4919","v.4912"
"4920","v.4913"
"4921","v.4914"
"4922","v.4915"
"4923","v.4916"
"4924","v.4917"
"4925","v.4918"
"4926","v.4919"
"4927","v.4920"
"4928","v.4921"
"4929","v.4922"
"4930","v.4923"
"4931","v.4924"
"4932","v.4925"
"4933","v.4926"
"4934","v.4927"
"4935","v.4928"
"4936","v.4929"
"4937","v.4930"
"4938","v.4931"
"4939","v.4932"
"4940","v.4933"
"4941","v.4934"
"4942","v.4935"
"4943","v.4936"
"4944","v.4937"
"4945","v.4938"
"4946","v.4939"
"4947","v.4940"
"4948","v.4941"
"4949","v.4942"
"4950","v.4943"
"4951","v.4944"
"4952","v.4945"
"4953","v.4946"
"4954","v.4947"
"4955","v.4948"
"4956","v.4949"
"4957","v.4950"
"4958","v.4951"
"4959","v.4952"
"4960","v.4953"
"4961","v.4954"
"4962","v.4955"
"4963","v.4956"
"4964","v.4957"
"4965","v.4958"
"4966","v.4959"
"4967","v.4960"
"4968","v.4961"
"4969","v.4962"
"4970","v.4963"
"4971","v.4964"
"4972","v.4965"
"4973","v.4966"
"4974","v.4967"
"4975","v.4968"
"4976","v.4969"
"4977","v.4970"
"4978","v.4971"
"4979","v.4972"
"4980","v.4973"
"4981","v.4974"
"4982","v.4975"
"4983","v.4976"
"4984","v.4977"
"4985","v.4978"
"4986","v.4979"
"4987","v.4980"
"4988","v.4981"
"4989","v.4982"
"4990","v.4983"
"4991","v.4984"
"4992","v.4985"
"4993","v.4986"
"4994","v.4987"
"4995","v.4988"
"4996","v.4989"
"4997","v.4990"
"4998","v.4991"
"4999","v.4992"
"5000","v.4993"
"5001","v.4994"
"5002","v.4995"
"5003","v.4996"
"5004","v.4997"
"5005","v.4998"
"5006","v.4999"
"5007","v.5000"
"5008","v.5001"
"5009","v.5002"
"5010","v.5003"
"5011","v.5004"
"5012","v.5005"
"5013","v.5006"
"5014","v.5007"
"5015","v.5008"
"5016","v.5009"
"5017","v.5010"
"5018","v.5011"
"5019","v.5012"
"5020","v.5013"
"5021","v.5014"
"5022","v.5015"
"5023","v.5016"
"5024","v.5017"
"5025","v.5018"
"5026","v.5019"
"5027","v.5020"
"5028","v.5021"
"5029","v.5022"
"5030","v.5023"
"5031","v.5024"
"5032","v.5025"
"5033","v.5026"
"5034","v.5027"
"5035","v.5028"
"5036","v.5029"
"5037","v.5030"
"5038","v.5031"
"5039","v.5032"
"5040","v.5033"
"5041","v.5034"
"5042","v.5035"
"5043","v.5036"
"5044","v.5037"
"5045","v.5038"
"5046","v.5039"
"5047","v.5040"
"5048","v.5041"
"5049","v.5042"
"5050","v.5043"
"5051","v.5044"
"5052","v.5045"
"5053","v.5046"
"5054","v.5047"
"5055","v.5048"
"5056","v.5049"
"5057","v.5050"
"5058","v.5051"
"5059","v.5052"
"5060","v.5053"
"5061","v.5054"
"5062","v.5055"
"5063","v.5056"
"5064","v.5057"
"5065","v.5058"
"5066","v.5059"
"5067","v.5060"
"5068","v.5061"
"5069","v.5062"
"5070","v.5063"
"5071","v.5064"
"5072","v.5065"
"5073","v.5066"
"5074","v.5067"
"5075","v.5068"
"5076","v.5069"
"5077","v.5070"
"5078","v.5071"
"5079","v.5072"
"5080","v.5073"
"5081","v.5074"
"5082","v.5075"
"5083","v.5076"
"5084","v.5077"
"5085","v.5078"
"5086","v.5079"
"5087","v.5080"
"5088","v.5081"
"5089","v.5082"
"5090","v.5083"
"5091","v.5084"
"5092","v.5085"
"5093","v.5086"
"5094","v.5087"
"5095","v.5088"
"5096","v.5089"
"5097","v.5090"
"5098","v.5091"
"5099","v.5092"
"5100","v.5093"
"5101","v.5094"
"5102","v.5095"
"5103","v.5096"
"5104","v.5097"
"5105","v.5098"
"5106","v.5099"
"5107","v.5100"
"5108","v.5101"
"5109","v.5102"
"5110","v.5103"
"5111","v.5104"
"5112","v.5105"
"5113","v.5106"
"5114","v.5107"
"5115","v.5108"
"5116","v.5109"
"5117","v.5110"
"5118","v.5111"
"5119","v.5112"
"5120","v.5113"
"5121","v.5114"
"5122","v.5115"
"5123","v.5116"
"5124","v.5117"
"5125","v.5118"
"5126","v.5119"
"5127","v.5120"
"5128","v.5121"
"5129","v.5122"
"5130","v.5123"
"5131","v.5124"
"5132","v.5125"
"5133","v.5126"
"5134","v.5127"
"5135","v.5128"
"5136","v.5129"
"5137","v.5130"
"5138","v.5131"
"5139","v.5132"
"5140","v.5133"
"5141","v.5134"
"5142","v.5135"
"5143","v.5136"
"5144","v.5137"
"5145","v.5138"
"5146","v.5139"
"5147","v.5140"
"5148","v.5141"
"5149","v.5142"
"5150","v.5143"
"5151","v.5144"
"5152","v.5145"
"5153","v.5146"
"5154","v.5147"
"5155","v.5148"
"5156","v.5149"
"5157","v.5150"
"5158","v.5151"
"5159","v.5152"
"5160","v.5153"
"5161","v.5154"
"5162","v.5155"
"5163","v.5156"
"5164","v.5157"
"5165","v.5158"
"5166","v.5159"
"5167","v.5160"
"5168","v.5161"
"5169","v.5162"
"5170","v.5163"
"5171","v.5164"
"5172","v.5165"
"5173","v.5166"
"5174","v.5167"
"5175","v.5168"
"5176","v.5169"
"5177","v.5170"
"5178","v.5171"
"5179","v.5172"
"5180","v.5173"
"5181","v.5174"
"5182","v.5175"
"5183","v.5176"
"5184","v.5177"
"5185","v.5178"
"5186","v.5179"
"5187","v.5180"
"5188","v.5181"
"5189","v.5182"
"5190","v.5183"
"5191","v.5184"
"5192","v.5185"
"5193","v.5186"
"5194","v.5187"
"5195","v.5188"
"5196","v.5189"
"5197","v.5190"
"5198","v.5191"
"5199","v.5192"
"5200","v.5193"
"5201","v.5194"
"5202","v.5195"
"5203","v.5196"
"5204","v.5197"
"5205","v.5198"
"5206","v.5199"
"5207","v.5200"
"5208","v.5201"
"5209","v.5202"
"5210","v.5203"
"5211","v.5204"
"5212","v.5205"
"5213","v.5206"
"5214","v.5207"
"5215","v.5208"
"5216","v.5209"
"5217","v.5210"
"5218","v.5211"
"5219","v.5212"
"5220","v.5213"
"5221","v.5214"
"5222","v.5215"
"5223","v.5216"
"5224","v.5217"
"5225","v.5218"
"5226","v.5219"
"5227","v.5220"
"5228","v.5221"
"5229","v.5222"
"5230","v.5223"
"5231","v.5224"
"5232","v.5225"
"5233","v.5226"
"5234","v.5227"
"5235","v.5228"
"5236","v.5229"
"5237","v.5230"
"5238","v.5231"
"5239","v.5232"
"5240","v.5233"
"5241","v.5234"
"5242","v.5235"
"5243","v.5236"
"5244","v.5237"
"5245","v.5238"
"5246","v.5239"
"5247","v.5240"
"5248","v.5241"
"5249","v.5242"
"5250","v.5243"
"5251","v.5244"
"5252","v.5245"
"5253","v.5246"
"5254","v.5247"
"5255","v.5248"
"5256","v.5249"
"5257","v.5250"
"5258","v.5251"
"5259","v.5252"
"5260","v.5253"
"5261","v.5254"
"5262","v.5255"
"5263","v.5256"
"5264","v.5257"
"5265","v.5258"
"5266","v.5259"
"5267","v.5260"
"5268","v.5261"
"5269","v.5262"
"5270","v.5263"
"5271","v.5264"
"5272","v.5265"
"5273","v.5266"
"5274","v.5267"
"5275","v.5268"
"5276","v.5269"
"5277","v.5270"
"5278","v.5271"
"5279","v.5272"
"5280","v.5273"
"5281","v.5274"
"5282","v.5275"
"5283","v.5276"
"5284","v.5277"
"5285","v.5278"
"5286","v.5279"
"5287","v.5280"
"5288","v.5281"
"5289","v.5282"
"5290","v.5283"
"5291","v.5284"
"5292","v.5285"
"5293","v.5286"
"5294","v.5287"
"5295","v.5288"
"5296","v.5289"
"5297","v.5290"
"5298","v.5291"
"5299","v.5292"
"5300","v.5293"
"5301","v.5294"
"5302","v.5295"
"5303","v.5296"
"5304","v.5297"
"5305","v.5298"
"5306","v.5299"
"5307","v.5300"
"5308","v.5301"
"5309","v.5302"
"5310","v.5303"
"5311","v.5304"
"5312","v.5305"
"5313","v.5306"
"5314","v.5307"
"5315","v.5308"
"5316","v.5309"
"5317","v.5310"
"5318","v.5311"
"5319","v.5312"
"5320","v.5313"
"5321","v.5314"
"5322","v.5315"
"5323","v.5316"
"5324","v.5317"
"5325","v.5318"
"5326","v.5319"
"5327","v.5320"
"5328","v.5321"
"5329","v.5322"
"5330","v.5323"
"5331","v.5324"
"5332","v.5325"
"5333","v.5326"
"5334","v.5327"
"5335","v.5328"
"5336","v.5329"
"5337","v.5330"
"5338","v.5331"
"5339","v.5332"
"5340","v.5333"
"5341","v.5334"
"5342","v.5335"
"5343","v.5336"
"5344","v.5337"
"5345","v.5338"
"5346","v.5339"
"5347","v.5340"
"5348","v.5341"
"5349","v.5342"
"5350","v.5343"
"5351","v.5344"
"5352","v.5345"
"5353","v.5346"
"5354","v.5347"
"5355","v.5348"
"5356","v.5349"
"5357","v.5350"
"5358","v.5351"
"5359","v.5352"
"5360","v.5353"
"5361","v.5354"
"5362","v.5355"
"5363","v.5356"
"5364","v.5357"
"5365","v.5358"
"5366","v.5359"
"5367","v.5360"
"5368","v.5361"
"5369","v.5362"
"5370","v.5363"
"5371","v.5364"
"5372","v.5365"
"5373","v.5366"
"5374","v.5367"
"5375","v.5368"
"5376","v.5369"
"5377","v.5370"
"5378","v.5371"
"5379","v.5372"
"5380","v.5373"
"5381","v.5374"
"5382","v.5375"
"5383","v.5376"
"5384","v.5377"
"5385","v.5378"
"5386","v.5379"
"5387","v.5380"
"5388","v.5381"
"5389","v.5382"
"5390","v.5383"
"5391","v.5384"
"5392","v.5385"
"5393","v.5386"
"5394","v.5387"
"5395","v.5388"
"5396","v.5389"
"5397","v.5390"
"5398","v.5391"
"5399","v.5392"
"5400","v.5393"
"5401","v.5394"
"5402","v.5395"
"5403","v.5396"
"5404","v.5397"
"5405","v.5398"
"5406","v.5399"
"5407","v.5400"
"5408","v.5401"
"5409","v.5402"
"5410","v.5403"
"5411","v.5404"
"5412","v.5405"
"5413","v.5406"
"5414","v.5407"
"5415","v.5408"
"5416","v.5409"
"5417","v.5410"
"5418","v.5411"
"5419","v.5412"
"5420","v.5413"
"5421","v.5414"
"5422","v.5415"
"5423","v.5416"
"5424","v.5417"
"5425","v.5418"
"5426","v.5419"
"5427","v.5420"
"5428","v.5421"
"5429","v.5422"
"5430","v.5423"
"5431","v.5424"
"5432","v.5425"
"5433","v.5426"
"5434","v.5427"
"5435","v.5428"
"5436","v.5429"
"5437","v.5430"
"5438","v.5431"
"5439","v.5432"
"5440","v.5433"
"5441","v.5434"
"5442","v.5435"
"5443","v.5436"
"5444","v.5437"
"5445","v.5438"
"5446","v.5439"
"5447","v.5440"
"5448","v.5441"
"5449","v.5442"
"5450","v.5443"
"5451","v.5444"
"5452","v.5445"
"5453","v.5446"
"5454","v.5447"
"5455","v.5448"
"5456","v.5449"
"5457","v.5450"
"5458","v.5451"
"5459","v.5452"
"5460","v.5453"
"5461","v.5454"
"5462","v.5455"
"5463","v.5456"
"5464","v.5457"
"5465","v.5458"
"5466","v.5459"
"5467","v.5460"
"5468","v.5461"
"5469","v.5462"
"5470","v.5463"
"5471","v.5464"
"5472","v.5465"
"5473","v.5466"
"5474","v.5467"
"5475","v.5468"
"5476","v.5469"
"5477","v.5470"
"5478","v.5471"
"5479","v.5472"
"5480","v.5473"
"5481","v.5474"
"5482","v.5475"
"5483","v.5476"
"5484","v.5477"
"5485","v.5478"
"5486","v.5479"
"5487","v.5480"
"5488","v.5481"
"5489","v.5482"
"5490","v.5483"
"5491","v.5484"
"5492","v.5485"
"5493","v.5486"
"5494","v.5487"
"5495","v.5488"
"5496","v.5489"
"5497","v.5490"
"5498","v.5491"
"5499","v.5492"
"5500","v.5493"
"5501","v.5494"
"5502","v.5495"
"5503","v.5496"
"5504","v.5497"
"5505","v.5498"
"5506","v.5499"
"5507","v.5500"
"5508","v.5501"
"5509","v.5502"
"5510","v.5503"
"5511","v.5504"
"5512","v.5505"
"5513","v.5506"
"5514","v.5507"
"5515","v.5508"
"5516","v.5509"
"5517","v.5510"
"5518","v.5511"
"5519","v.5512"
"5520","v.5513"
"5521","v.5514"
"5522","v.5515"
"5523","v.5516"
"5524","v.5517"
"5525","v.5518"
"5526","v.5519"
"5527","v.5520"
"5528","v.5521"
"5529","v.5522"
"5530","v.5523"
"5531","v.5524"
"5532","v.5525"
"5533","v.5526"
"5534","v.5527"
"5535","v.5528"
"5536","v.5529"
"5537","v.5530"
"5538","v.5531"
"5539","v.5532"
"5540","v.5533"
"5541","v.5534"
"5542","v.5535"
"5543","v.5536"
"5544","v.5537"
"5545","v.5538"
"5546","v.5539"
"5547","v.5540"
"5548","v.5541"
"5549","v.5542"
"5550","v.5543"
"5551","v.5544"
"5552","v.5545"
"5553","v.5546"
"5554","v.5547"
"5555","v.5548"
"5556","v.5549"
"5557","v.5550"
"5558","v.5551"
"5559","v.5552"
"5560","v.5553"
"5561","v.5554"
"5562","v.5555"
"5563","v.5556"
"5564","v.5557"
"5565","v.5558"
"5566","v.5559"
"5567","v.5560"
"5568","v.5561"
"5569","v.5562"
"5570","v.5563"
"5571","v.5564"
"5572","v.5565"
"5573","v.5566"
"5574","v.5567"
"5575","v.5568"
"5576","v.5569"
"5577","v.5570"
"5578","v.5571"
"5579","v.5572"
"5580","v.5573"
"5581","v.5574"
"5582","v.5575"
"5583","v.5576"
"5584","v.5577"
"5585","v.5578"
"5586","v.5579"
"5587","v.5580"
"5588","v.5581"
"5589","v.5582"
"5590","v.5583"
"5591","v.5584"
"5592","v.5585"
"5593","v.5586"
"5594","v.5587"
"5595","v.5588"
"5596","v.5589"
"5597","v.5590"
"5598","v.5591"
"5599","v.5592"
"5600","v.5593"
"5601","v.5594"
"5602","v.5595"
"5603","v.5596"
"5604","v.5597"
"5605","v.5598"
"5606","v.5599"
"5607","v.5600"
"5608","v.5601"
"5609","v.5602"
"5610","v.5603"
"5611","v.5604"
"5612","v.5605"
"5613","v.5606"
"5614","v.5607"
"5615","v.5608"
"5616","v.5609"
"5617","v.5610"
"5618","v.5611"
"5619","v.5612"
"5620","v.5613"
"5621","v.5614"
"5622","v.5615"
"5623","v.5616"
"5624","v.5617"
"5625","v.5618"
"5626","v.5619"
"5627","v.5620"
"5628","v.5621"
"5629","v.5622"
"5630","v.5623"
"5631","v.5624"
"5632","v.5625"
"5633","v.5626"
"5634","v.5627"
"5635","v.5628"
"5636","v.5629"
"5637","v.5630"
"5638","v.5631"
"5639","v.5632"
"5640","v.5633"
"5641","v.5634"
"5642","v.5635"
"5643","v.5636"
"5644","v.5637"
"5645","v.5638"
"5646","v.5639"
"5647","v.5640"
"5648","v.5641"
"5649","v.5642"
"5650","v.5643"
"5651","v.5644"
"5652","v.5645"
"5653","v.5646"
"5654","v.5647"
"5655","v.5648"
"5656","v.5649"
"5657","v.5650"
"5658","v.5651"
"5659","v.5652"
"5660","v.5653"
"5661","v.5654"
"5662","v.5655"
"5663","v.5656"
"5664","v.5657"
"5665","v.5658"
"5666","v.5659"
"5667","v.5660"
"5668","v.5661"
"5669","v.5662"
"5670","v.5663"
"5671","v.5664"
"5672","v.5665"
"5673","v.5666"
"5674","v.5667"
"5675","v.5668"
"5676","v.5669"
"5677","v.5670"
"5678","v.5671"
"5679","v.5672"
"5680","v.5673"
"5681","v.5674"
"5682","v.5675"
"5683","v.5676"
"5684","v.5677"
"5685","v.5678"
"5686","v.5679"
"5687","v.5680"
"5688","v.5681"
"5689","v.5682"
"5690","v.5683"
"5691","v.5684"
"5692","v.5685"
"5693","v.5686"
"5694","v.5687"
"5695","v.5688"
"5696","v.5689"
"5697","v.5690"
"5698","v.5691"
"5699","v.5692"
"5700","v.5693"
"5701","v.5694"
"5702","v.5695"
"5703","v.5696"
"5704","v.5697"
"5705","v.5698"
"5706","v.5699"
"5707","v.5700"
"5708","v.5701"
"5709","v.5702"
"5710","v.5703"
"5711","v.5704"
"5712","v.5705"
"5713","v.5706"
"5714","v.5707"
"5715","v.5708"
"5716","v.5709"
"5717","v.5710"
"5718","v.5711"
"5719","v.5712"
"5720","v.5713"
"5721","v.5714"
"5722","v.5715"
"5723","v.5716"
"5724","v.5717"
"5725","v.5718"
"5726","v.5719"
"5727","v.5720"
"5728","v.5721"
"5729","v.5722"
"5730","v.5723"
"5731","v.5724"
"5732","v.5725"
"5733","v.5726"
"5734","v.5727"
"5735","v.5728"
"5736","v.5729"
"5737","v.5730"
"5738","v.5731"
"5739","v.5732"
"5740","v.5733"
"5741","v.5734"
"5742","v.5735"
"5743","v.5736"
"5744","v.5737"
"5745","v.5738"
"5746","v.5739"
"5747","v.5740"
"5748","v.5741"
"5749","v.5742"
"5750","v.5743"
"5751","v.5744"
"5752","v.5745"
"5753","v.5746"
"5754","v.5747"
"5755","v.5748"
"5756","v.5749"
"5757","v.5750"
"5758","v.5751"
"5759","v.5752"
"5760","v.5753"
"5761","v.5754"
"5762","v.5755"
"5763","v.5756"
"5764","v.5757"
"5765","v.5758"
"5766","v.5759"
"5767","v.5760"
"5768","v.5761"
"5769","v.5762"
"5770","v.5763"
"5771","v.5764"
"5772","v.5765"
"5773","v.5766"
"5774","v.5767"
"5775","v.5768"
"5776","v.5769"
"5777","v.5770"
"5778","v.5771"
"5779","v.5772"
"5780","v.5773"
"5781","v.5774"
"5782","v.5775"
"5783","v.5776"
"5784","v.5777"
"5785","v.5778"
"5786","v.5779"
"5787","v.5780"
"5788","v.5781"
"5789","v.5782"
"5790","v.5783"
"5791","v.5784"
"5792","v.5785"
"5793","v.5786"
"5794","v.5787"
"5795","v.5788"
"5796","v.5789"
"5797","v.5790"
"5798","v.5791"
"5799","v.5792"
"5800","v.5793"
"5801","v.5794"
"5802","v.5795"
"5803","v.5796"
"5804","v.5797"
"5805","v.5798"
"5806","v.5799"
"5807","v.5800"
"5808","v.5801"
"5809","v.5802"
"5810","v.5803"
"5811","v.5804"
"5812","v.5805"
"5813","v.5806"
"5814","v.5807"
"5815","v.5808"
"5816","v.5809"
"5817","v.5810"
"5818","v.5811"
"5819","v.5812"
"5820","v.5813"
"5821","v.5814"
"5822","v.5815"
"5823","v.5816"
"5824","v.5817"
"5825","v.5818"
"5826","v.5819"
"5827","v.5820"
"5828","v.5821"
"5829","v.5822"
"5830","v.5823"
"5831","v.5824"
"5832","v.5825"
"5833","v.5826"
"5834","v.5827"
"5835","v.5828"
"5836","v.5829"
"5837","v.5830"
"5838","v.5831"
"5839","v.5832"
"5840","v.5833"
"5841","v.5834"
"5842","v.5835"
"5843","v.5836"
"5844","v.5837"
"5845","v.5838"
"5846","v.5839"
"5847","v.5840"
"5848","v.5841"
"5849","v.5842"
"5850","v.5843"
"5851","v.5844"
"5852","v.5845"
"5853","v.5846"
"5854","v.5847"
"5855","v.5848"
"5856","v.5849"
"5857","v.5850"
"5858","v.5851"
"5859","v.5852"
"5860","v.5853"
"5861","v.5854"
"5862","v.5855"
"5863","v.5856"
"5864","v.5857"
"5865","v.5858"
"5866","v.5859"
"5867","v.5860"
"5868","v.5861"
"5869","v.5862"
"5870","v.5863"
"5871","v.5864"
"5872","v.5865"
"5873","v.5866"
"5874","v.5867"
"5875","v.5868"
"5876","v.5869"
"5877","v.5870"
"5878","v.5871"
"5879","v.5872"
"5880","v.5873"
"5881","v.5874"
"5882","v.5875"
"5883","v.5876"
"5884","v.5877"
"5885","v.5878"
"5886","v.5879"
"5887","v.5880"
"5888","v.5881"
"5889","v.5882"
"5890","v.5883"
"5891","v.5884"
"5892","v.5885"
"5893","v.5886"
"5894","v.5887"
"5895","v.5888"
"5896","v.5889"
"5897","v.5890"
"5898","v.5891"
"5899","v.5892"
"5900","v.5893"
"5901","v.5894"
"5902","v.5895"
"5903","v.5896"
"5904","v.5897"
"5905","v.5898"
"5906","v.5899"
"5907","v.5900"
"5908","v.5901"
"5909","v.5902"
"5910","v.5903"
"5911","v.5904"
"5912","v.5905"
"5913","v.5906"
"5914","v.5907"
"5915","v.5908"
"5916","v.5909"
"5917","v.5910"
"5918","v.5911"
"5919","v.5912"
"5920","v.5913"
"5921","v.5914"
"5922","v.5915"
"5923","v.5916"
"5924","v.5917"
"5925","v.5918"
"5926","v.5919"
"5927","v.5920"
"5928","v.5921"
"5929","v.5922"
"5930","v.5923"
"5931","v.5924"
"5932","v.5925"
"5933","v.5926"
"5934","v.5927"
"5935","v.5928"
"5936","v.5929"
"5937","v.5930"
"5938","v.5931"
"5939","v.5932"
"5940","v.5933"
"5941","v.5934"
"5942","v.5935"
"5943","v.5936"
"5944","v.5937"
"5945","v.5938"
"5946","v.5939"
"5947","v.5940"
"5948","v.5941"
"5949","v.5942"
"5950","v.5943"
"5951","v.5944"
"5952","v.5945"
"5953","v.5946"
"5954","v.5947"
"5955","v.5948"
"5956","v.5949"
"5957","v.5950"
"5958","v.5951"
"5959","v.5952"
"5960","v.5953"
"5961","v.5954"
"5962","v.5955"
"5963","v.5956"
"5964","v.5957"
"5965","v.5958"
"5966","v.5959"
"5967","v.5960"
"5968","v.5961"
"5969","v.5962"
"5970","v.5963"
"5971","v.5964"
"5972","v.5965"
"5973","v.5966"
"5974","v.5967"
"5975","v.5968"
"5976","v.5969"
"5977","v.5970"
"5978","v.5971"
"5979","v.5972"
"5980","v.5973"
"5981","v.5974"
"5982","v.5975"
"5983","v.5976"
"5984","v.5977"
"5985","v.5978"
"5986","v.5979"
"5987","v.5980"
"5988","v.5981"
"5989","v.5982"
"5990","v.5983"
"5991","v.5984"
"5992","v.5985"
"5993","v.5986"
"5994","v.5987"
"5995","v.5988"
"5996","v.5989"
"5997","v.5990"
"5998","v.5991"
"5999","v.5992"
"6000","v.5993"
"6001","v.5994"
"6002","v.5995"
"6003","v.5996"
"6004","v.5997"
"6005","v.5998"
"6006","v.5999"
"6007","v.6000"
"6008","theta.1"
"6009","theta.2"
"6010","theta.3"
"6011","theta.4"
"6012","theta.5"
"6013","theta.6"
"6014","theta.7"
"6015","theta.8"
"6016","theta.9"
"6017","theta.10"
"6018","theta.11"
"6019","theta.12"
"6020","theta.13"
"6021","theta.14"
"6022","theta.15"
"6023","theta.16"
"6024","theta.17"
"6025","theta.18"
"6026","theta.19"
"6027","theta.20"
"6028","theta.21"
"6029","theta.22"
"6030","theta.23"
"6031","theta.24"
"6032","theta.25"
"6033","theta.26"
"6034","theta.27"
"6035","theta.28"
"6036","theta.29"
"6037","theta.30"
"6038","theta.31"
"6039","theta.32"
"6040","theta.33"
"6041","theta.34"
"6042","theta.35"
"6043","theta.36"
"6044","theta.37"
"6045","theta.38"
"6046","theta.39"
"6047","theta.40"
"6048","theta.41"
"6049","theta.42"
"6050","theta.43"
"6051","theta.44"
"6052","theta.45"
"6053","theta.46"
"6054","theta.47"
"6055","theta.48"
"6056","theta.49"
"6057","theta.50"
"6058","theta.51"
"6059","theta.52"
"6060","theta.53"
"6061","theta.54"
"6062","theta.55"
"6063","theta.56"
"6064","theta.57"
"6065","theta.58"
"6066","theta.59"
"6067","theta.60"
"6068","theta.61"
"6069","theta.62"
"6070","theta.63"
"6071","theta.64"
"6072","theta.65"
"6073","theta.66"
"6074","theta.67"
"6075","theta.68"
"6076","theta.69"
"6077","theta.70"
"6078","theta.71"
"6079","theta.72"
"6080","theta.73"
"6081","theta.74"
"6082","theta.75"
"6083","theta.76"
"6084","theta.77"
"6085","theta.78"
"6086","theta.79"
"6087","theta.80"
"6088","theta.81"
"6089","theta.82"
"6090","theta.83"
"6091","theta.84"
"6092","theta.85"
"6093","theta.86"
"6094","theta.87"
"6095","theta.88"
"6096","theta.89"
"6097","theta.90"
"6098","theta.91"
"6099","theta.92"
"6100","theta.93"
"6101","theta.94"
"6102","theta.95"
"6103","theta.96"
"6104","theta.97"
"6105","theta.98"
"6106","theta.99"
"6107","theta.100"
"6108","theta.101"
"6109","theta.102"
"6110","theta.103"
"6111","theta.104"
"6112","theta.105"
"6113","theta.106"
"6114","theta.107"
"6115","theta.108"
"6116","theta.109"
"6117","theta.110"
"6118","theta.111"
"6119","theta.112"
"6120","theta.113"
"6121","theta.114"
"6122","theta.115"
"6123","theta.116"
"6124","theta.117"
"6125","theta.118"
"6126","theta.119"
"6127","theta.120"
"6128","theta.121"
"6129","theta.122"
"6130","theta.123"
"6131","theta.124"
"6132","theta.125"
"6133","theta.126"
"6134","theta.127"
"6135","theta.128"
"6136","theta.129"
"6137","theta.130"
"6138","theta.131"
"6139","theta.132"
"6140","theta.133"
"6141","theta.134"
"6142","theta.135"
"6143","theta.136"
"6144","theta.137"
"6145","theta.138"
"6146","theta.139"
"6147","theta.140"
"6148","theta.141"
"6149","theta.142"
"6150","theta.143"
"6151","theta.144"
"6152","theta.145"
"6153","theta.146"
"6154","theta.147"
"6155","theta.148"
"6156","theta.149"
"6157","theta.150"
"6158","theta.151"
"6159","theta.152"
"6160","theta.153"
"6161","theta.154"
"6162","theta.155"
"6163","theta.156"
"6164","theta.157"
"6165","theta.158"
"6166","theta.159"
"6167","theta.160"
"6168","theta.161"
"6169","theta.162"
"6170","theta.163"
"6171","theta.164"
"6172","theta.165"
"6173","theta.166"
"6174","theta.167"
"6175","theta.168"
"6176","theta.169"
"6177","theta.170"
"6178","theta.171"
"6179","theta.172"
"6180","theta.173"
"6181","theta.174"
"6182","theta.175"
"6183","theta.176"
"6184","theta.177"
"6185","theta.178"
"6186","theta.179"
"6187","theta.180"
"6188","theta.181"
"6189","theta.182"
"6190","theta.183"
"6191","theta.184"
"6192","theta.185"
"6193","theta.186"
"6194","theta.187"
"6195","theta.188"
"6196","theta.189"
"6197","theta.190"
"6198","theta.191"
"6199","theta.192"
"6200","theta.193"
"6201","theta.194"
"6202","theta.195"
"6203","theta.196"
"6204","theta.197"
"6205","theta.198"
"6206","theta.199"
"6207","theta.200"
